file,qualified_name,kind,scope,line_start,line_end,decorators,context
freqtrade/tests/audit_probes.py,load_strategy_class,function,top-level-or-method,20,68,-,test
freqtrade/tests/audit_probes.py,load_strategy_class.informative,function,nested,29,32,-,test
freqtrade/tests/audit_probes.py,load_strategy_class.informative.decorate,function,nested,30,31,-,test
freqtrade/tests/audit_probes.py,load_strategy_class.rolling_vwap,function,nested,39,48,-,test
freqtrade/tests/audit_probes.py,strategy_smoke,function,top-level-or-method,71,150,-,test
freqtrade/tests/audit_probes.py,interlock_probes,function,top-level-or-method,153,253,-,test
freqtrade/tests/audit_probes.py,interlock_probes.instance,function,nested,161,165,-,test
freqtrade/tests/audit_probes.py,interlock_probes.confirm,function,nested,167,170,-,test
freqtrade/tests/audit_probes.py,extract_gate_code,function,top-level-or-method,256,258,-,test
freqtrade/tests/audit_probes.py,run_gate_case,function,top-level-or-method,261,277,-,test
freqtrade/tests/audit_probes.py,backtest_probes,function,top-level-or-method,280,306,-,test
freqtrade/tests/audit_probes.py,inventory,function,top-level-or-method,309,321,-,test
freqtrade/tests/audit_probes.py,main,function,top-level-or-method,324,338,-,test
freqtrade/user_data/strategies/IctSmcStrategy.py,IctSmcStrategy.protections,function,top-level-or-method,83,100,property,freqtrade-strategy-and-deploy
freqtrade/user_data/strategies/IctSmcStrategy.py,IctSmcStrategy._live_approval_hash,function,top-level-or-method,120,149,-,freqtrade-strategy-and-deploy
freqtrade/user_data/strategies/IctSmcStrategy.py,IctSmcStrategy._sharia_path,function,top-level-or-method,155,156,-,freqtrade-strategy-and-deploy
freqtrade/user_data/strategies/IctSmcStrategy.py,IctSmcStrategy._halal_allowed,function,top-level-or-method,158,202,-,freqtrade-strategy-and-deploy
freqtrade/user_data/strategies/IctSmcStrategy.py,IctSmcStrategy._is_halal,function,top-level-or-method,204,206,-,freqtrade-strategy-and-deploy
freqtrade/user_data/strategies/IctSmcStrategy.py,IctSmcStrategy._emit_signal,function,top-level-or-method,208,249,-,freqtrade-strategy-and-deploy
freqtrade/user_data/strategies/IctSmcStrategy.py,IctSmcStrategy._seam_error,function,top-level-or-method,254,262,-,freqtrade-strategy-and-deploy
freqtrade/user_data/strategies/IctSmcStrategy.py,IctSmcStrategy._seam_heartbeat,function,top-level-or-method,264,279,-,freqtrade-strategy-and-deploy
freqtrade/user_data/strategies/IctSmcStrategy.py,IctSmcStrategy.bot_loop_start,function,top-level-or-method,281,300,-,freqtrade-strategy-and-deploy
freqtrade/user_data/strategies/IctSmcStrategy.py,IctSmcStrategy.bot_start,function,top-level-or-method,302,303,-,freqtrade-strategy-and-deploy
freqtrade/user_data/strategies/IctSmcStrategy.py,IctSmcStrategy.confirm_trade_entry,function,top-level-or-method,305,307,-,freqtrade-strategy-and-deploy
freqtrade/user_data/strategies/IctSmcStrategy.py,IctSmcStrategy.populate_indicators_5m,function,top-level-or-method,311,320,informative('5m'),freqtrade-strategy-and-deploy
freqtrade/user_data/strategies/IctSmcStrategy.py,IctSmcStrategy.populate_indicators,function,top-level-or-method,323,352,-,freqtrade-strategy-and-deploy
freqtrade/user_data/strategies/IctSmcStrategy.py,IctSmcStrategy.populate_entry_trend,function,top-level-or-method,354,385,-,freqtrade-strategy-and-deploy
freqtrade/user_data/strategies/IctSmcStrategy.py,IctSmcStrategy.populate_exit_trend,function,top-level-or-method,387,397,-,freqtrade-strategy-and-deploy
legacy_core/binance_bot_V4.9.16_ALL_IN_ONE.py,_load_dotenv_once,function,top-level-or-method,80,100,-,preserved-core
legacy_core/binance_bot_V4.9.16_ALL_IN_ONE.py,acquire_single_instance_lock,function,top-level-or-method,109,131,-,preserved-core
legacy_core/binance_bot_V4.9.16_ALL_IN_ONE.py,_entries_armed,function,top-level-or-method,374,375,-,preserved-core
legacy_core/binance_bot_V4.9.16_ALL_IN_ONE.py,_set_entries_armed,function,top-level-or-method,376,378,-,preserved-core
legacy_core/binance_bot_V4.9.16_ALL_IN_ONE.py,_update_weight,function,top-level-or-method,416,427,-,preserved-core
legacy_core/binance_bot_V4.9.16_ALL_IN_ONE.py,get_api_weight,function,top-level-or-method,430,433,-,preserved-core
legacy_core/binance_bot_V4.9.16_ALL_IN_ONE.py,note_external_weight,function,top-level-or-method,436,445,-,preserved-core
legacy_core/binance_bot_V4.9.16_ALL_IN_ONE.py,set_ban_notifier,function,top-level-or-method,452,455,-,preserved-core
legacy_core/binance_bot_V4.9.16_ALL_IN_ONE.py,rest_paused,function,top-level-or-method,461,463,-,preserved-core
legacy_core/binance_bot_V4.9.16_ALL_IN_ONE.py,note_ip_ban,function,top-level-or-method,466,472,-,preserved-core
legacy_core/binance_bot_V4.9.16_ALL_IN_ONE.py,note_rate_limit_pause,function,top-level-or-method,475,485,-,preserved-core
legacy_core/binance_bot_V4.9.16_ALL_IN_ONE.py,_get,function,top-level-or-method,488,546,-,preserved-core
legacy_core/binance_bot_V4.9.16_ALL_IN_ONE.py,_remember_tickers,function,top-level-or-method,556,565,-,preserved-core
legacy_core/binance_bot_V4.9.16_ALL_IN_ONE.py,get_all_tickers,function,top-level-or-method,568,576,-,preserved-core
legacy_core/binance_bot_V4.9.16_ALL_IN_ONE.py,get_top_gainers,function,top-level-or-method,579,592,-,preserved-core
legacy_core/binance_bot_V4.9.16_ALL_IN_ONE.py,get_btc_change_pct,function,top-level-or-method,595,601,-,preserved-core
legacy_core/binance_bot_V4.9.16_ALL_IN_ONE.py,get_ticker,function,top-level-or-method,604,612,-,preserved-core
legacy_core/binance_bot_V4.9.16_ALL_IN_ONE.py,get_klines,function,top-level-or-method,615,618,-,preserved-core
legacy_core/binance_bot_V4.9.16_ALL_IN_ONE.py,get_order_book,function,top-level-or-method,621,678,-,preserved-core
legacy_core/binance_bot_V4.9.16_ALL_IN_ONE.py,get_order_book._clean,function,nested,635,644,-,preserved-core
legacy_core/binance_bot_V4.9.16_ALL_IN_ONE.py,_safe_float,function,top-level-or-method,681,685,-,preserved-core
legacy_core/binance_bot_V4.9.16_ALL_IN_ONE.py,get_alpha_coins,function,top-level-or-method,709,740,-,preserved-core
legacy_core/binance_bot_V4.9.16_ALL_IN_ONE.py,calc_rsi,function,top-level-or-method,763,784,-,preserved-core
legacy_core/binance_bot_V4.9.16_ALL_IN_ONE.py,rsi_score,function,top-level-or-method,787,807,-,preserved-core
legacy_core/binance_bot_V4.9.16_ALL_IN_ONE.py,calc_macd,function,top-level-or-method,811,822,-,preserved-core
legacy_core/binance_bot_V4.9.16_ALL_IN_ONE.py,macd_score,function,top-level-or-method,825,841,-,preserved-core
legacy_core/binance_bot_V4.9.16_ALL_IN_ONE.py,calc_ema,function,top-level-or-method,845,846,-,preserved-core
legacy_core/binance_bot_V4.9.16_ALL_IN_ONE.py,ema_score,function,top-level-or-method,849,875,-,preserved-core
legacy_core/binance_bot_V4.9.16_ALL_IN_ONE.py,calc_bollinger,function,top-level-or-method,879,887,-,preserved-core
legacy_core/binance_bot_V4.9.16_ALL_IN_ONE.py,bb_score,function,top-level-or-method,890,907,-,preserved-core
legacy_core/binance_bot_V4.9.16_ALL_IN_ONE.py,volume_score,function,top-level-or-method,911,927,-,preserved-core
legacy_core/binance_bot_V4.9.16_ALL_IN_ONE.py,taker_buy_score,function,top-level-or-method,930,948,-,preserved-core
legacy_core/binance_bot_V4.9.16_ALL_IN_ONE.py,order_book_score,function,top-level-or-method,952,960,-,preserved-core
legacy_core/binance_bot_V4.9.16_ALL_IN_ONE.py,price_behavior_score,function,top-level-or-method,964,983,-,preserved-core
legacy_core/binance_bot_V4.9.16_ALL_IN_ONE.py,calc_adx,function,top-level-or-method,987,1023,-,preserved-core
legacy_core/binance_bot_V4.9.16_ALL_IN_ONE.py,timeframe_alignment_bonus,function,top-level-or-method,1027,1046,-,preserved-core
legacy_core/binance_bot_V4.9.16_ALL_IN_ONE.py,detect_candle_patterns,function,top-level-or-method,1050,1078,-,preserved-core
legacy_core/binance_bot_V4.9.16_ALL_IN_ONE.py,analyze_volume_trend,function,top-level-or-method,1081,1094,-,preserved-core
legacy_core/binance_bot_V4.9.16_ALL_IN_ONE.py,analyze_order_book_depth,function,top-level-or-method,1097,1105,-,preserved-core
legacy_core/binance_bot_V4.9.16_ALL_IN_ONE.py,calculate_pump_probability,function,top-level-or-method,1108,1134,-,preserved-core
legacy_core/binance_bot_V4.9.16_ALL_IN_ONE.py,calc_vwap,function,top-level-or-method,1138,1145,-,preserved-core
legacy_core/binance_bot_V4.9.16_ALL_IN_ONE.py,vwap_score,function,top-level-or-method,1148,1163,-,preserved-core
legacy_core/binance_bot_V4.9.16_ALL_IN_ONE.py,_get_kill_zone,function,top-level-or-method,1194,1227,-,preserved-core
legacy_core/binance_bot_V4.9.16_ALL_IN_ONE.py,detect_bullish_ob,function,top-level-or-method,1231,1262,-,preserved-core
legacy_core/binance_bot_V4.9.16_ALL_IN_ONE.py,detect_active_fvg,function,top-level-or-method,1266,1291,-,preserved-core
legacy_core/binance_bot_V4.9.16_ALL_IN_ONE.py,analyse_structure,function,top-level-or-method,1295,1339,-,preserved-core
legacy_core/binance_bot_V4.9.16_ALL_IN_ONE.py,detect_liquidity_sweep,function,top-level-or-method,1343,1356,-,preserved-core
legacy_core/binance_bot_V4.9.16_ALL_IN_ONE.py,get_premium_discount,function,top-level-or-method,1360,1374,-,preserved-core
legacy_core/binance_bot_V4.9.16_ALL_IN_ONE.py,calc_ict_score,function,top-level-or-method,1378,1481,-,preserved-core
legacy_core/binance_bot_V4.9.16_ALL_IN_ONE.py,_cascade_pool,function,top-level-or-method,1509,1517,-,preserved-core
legacy_core/binance_bot_V4.9.16_ALL_IN_ONE.py,_fetch_tf,function,top-level-or-method,1520,1543,-,preserved-core
legacy_core/binance_bot_V4.9.16_ALL_IN_ONE.py,run_cascade,function,top-level-or-method,1546,1649,-,preserved-core
legacy_core/binance_bot_V4.9.16_ALL_IN_ONE.py,_headers,function,top-level-or-method,1684,1687,-,preserved-core
legacy_core/binance_bot_V4.9.16_ALL_IN_ONE.py,_cg_get,function,top-level-or-method,1690,1716,-,preserved-core
legacy_core/binance_bot_V4.9.16_ALL_IN_ONE.py,refresh_quality_filter,function,top-level-or-method,1719,1758,-,preserved-core
legacy_core/binance_bot_V4.9.16_ALL_IN_ONE.py,filter_symbols,function,top-level-or-method,1764,1802,-,preserved-core
legacy_core/binance_bot_V4.9.16_ALL_IN_ONE.py,get_trending_cg,function,top-level-or-method,1805,1832,-,preserved-core
legacy_core/binance_bot_V4.9.16_ALL_IN_ONE.py,get_trending_cmc,function,top-level-or-method,1853,1904,-,preserved-core
legacy_core/binance_bot_V4.9.16_ALL_IN_ONE.py,enrich_scan_list,function,top-level-or-method,1907,1916,-,preserved-core
legacy_core/binance_bot_V4.9.16_ALL_IN_ONE.py,_default_notify,function,top-level-or-method,1969,1970,-,preserved-core
legacy_core/binance_bot_V4.9.16_ALL_IN_ONE.py,set_notifier,function,top-level-or-method,1974,1978,-,preserved-core
legacy_core/binance_bot_V4.9.16_ALL_IN_ONE.py,bips_mult,function,top-level-or-method,2078,2080,-,preserved-core
legacy_core/binance_bot_V4.9.16_ALL_IN_ONE.py,_decimals,function,top-level-or-method,2083,2085,-,preserved-core
legacy_core/binance_bot_V4.9.16_ALL_IN_ONE.py,round_down,function,top-level-or-method,2088,2103,-,preserved-core
legacy_core/binance_bot_V4.9.16_ALL_IN_ONE.py,_new_coid,function,top-level-or-method,2106,2110,-,preserved-core
legacy_core/binance_bot_V4.9.16_ALL_IN_ONE.py,dstr,function,top-level-or-method,2113,2117,-,preserved-core
legacy_core/binance_bot_V4.9.16_ALL_IN_ONE.py,retry,function,top-level-or-method,2133,2197,-,preserved-core
legacy_core/binance_bot_V4.9.16_ALL_IN_ONE.py,retry.wrap,function,nested,2137,2195,-,preserved-core
legacy_core/binance_bot_V4.9.16_ALL_IN_ONE.py,Position.upnl_bips,function,top-level-or-method,2252,2255,-,preserved-core
legacy_core/binance_bot_V4.9.16_ALL_IN_ONE.py,Position.to_dict,function,top-level-or-method,2257,2269,-,preserved-core
legacy_core/binance_bot_V4.9.16_ALL_IN_ONE.py,Broker.__init__,function,top-level-or-method,2276,2305,-,preserved-core
legacy_core/binance_bot_V4.9.16_ALL_IN_ONE.py,Broker._refresh,function,top-level-or-method,2308,2334,-,preserved-core
legacy_core/binance_bot_V4.9.16_ALL_IN_ONE.py,Broker.sym,function,top-level-or-method,2336,2340,-,preserved-core
legacy_core/binance_bot_V4.9.16_ALL_IN_ONE.py,Broker._install_weight_hook,function,top-level-or-method,2342,2367,-,preserved-core
legacy_core/binance_bot_V4.9.16_ALL_IN_ONE.py,Broker._install_weight_hook._hook,function,nested,2352,2359,-,preserved-core
legacy_core/binance_bot_V4.9.16_ALL_IN_ONE.py,Broker._sync_weight,function,top-level-or-method,2369,2381,-,preserved-core
legacy_core/binance_bot_V4.9.16_ALL_IN_ONE.py,Broker.price,function,top-level-or-method,2384,2389,retry,preserved-core
legacy_core/binance_bot_V4.9.16_ALL_IN_ONE.py,Broker.book,function,top-level-or-method,2391,2394,-,preserved-core
legacy_core/binance_bot_V4.9.16_ALL_IN_ONE.py,Broker.best_ask,function,top-level-or-method,2396,2406,-,preserved-core
legacy_core/binance_bot_V4.9.16_ALL_IN_ONE.py,Broker.change_24h_pct,function,top-level-or-method,2408,2412,-,preserved-core
legacy_core/binance_bot_V4.9.16_ALL_IN_ONE.py,Broker.free,function,top-level-or-method,2414,2431,-,preserved-core
legacy_core/binance_bot_V4.9.16_ALL_IN_ONE.py,Broker.invalidate_balance_cache,function,top-level-or-method,2433,2435,-,preserved-core
legacy_core/binance_bot_V4.9.16_ALL_IN_ONE.py,Broker.clamp_delta,function,top-level-or-method,2437,2438,-,preserved-core
legacy_core/binance_bot_V4.9.16_ALL_IN_ONE.py,Broker.limit_buy,function,top-level-or-method,2441,2458,-,preserved-core
legacy_core/binance_bot_V4.9.16_ALL_IN_ONE.py,Broker.limit_buy._send,function,nested,2449,2453,-,preserved-core
legacy_core/binance_bot_V4.9.16_ALL_IN_ONE.py,Broker.activation_trailing_sell,function,top-level-or-method,2460,2490,-,preserved-core
legacy_core/binance_bot_V4.9.16_ALL_IN_ONE.py,Broker.activation_trailing_sell._send,function,nested,2476,2484,-,preserved-core
legacy_core/binance_bot_V4.9.16_ALL_IN_ONE.py,Broker.immediate_trailing_sell,function,top-level-or-method,2492,2517,-,preserved-core
legacy_core/binance_bot_V4.9.16_ALL_IN_ONE.py,Broker.immediate_trailing_sell._send,function,nested,2504,2511,-,preserved-core
legacy_core/binance_bot_V4.9.16_ALL_IN_ONE.py,Broker.emergency_ioc_sell,function,top-level-or-method,2519,2535,-,preserved-core
legacy_core/binance_bot_V4.9.16_ALL_IN_ONE.py,Broker.emergency_ioc_sell._send,function,nested,2525,2530,-,preserved-core
legacy_core/binance_bot_V4.9.16_ALL_IN_ONE.py,Broker._check_lot,function,top-level-or-method,2539,2544,staticmethod,preserved-core
legacy_core/binance_bot_V4.9.16_ALL_IN_ONE.py,Broker._validate_otoco_filters,function,top-level-or-method,2546,2577,-,preserved-core
legacy_core/binance_bot_V4.9.16_ALL_IN_ONE.py,Broker._find_order,function,top-level-or-method,2579,2587,-,preserved-core
legacy_core/binance_bot_V4.9.16_ALL_IN_ONE.py,Broker._find_list,function,top-level-or-method,2589,2605,-,preserved-core
legacy_core/binance_bot_V4.9.16_ALL_IN_ONE.py,Broker.open_orders,function,top-level-or-method,2607,2615,-,preserved-core
legacy_core/binance_bot_V4.9.16_ALL_IN_ONE.py,Broker._place_idempotent,function,top-level-or-method,2617,2697,-,preserved-core
legacy_core/binance_bot_V4.9.16_ALL_IN_ONE.py,Broker.cancel,function,top-level-or-method,2700,2701,retry,preserved-core
legacy_core/binance_bot_V4.9.16_ALL_IN_ONE.py,Broker.place_otoco,function,top-level-or-method,2704,2762,-,preserved-core
legacy_core/binance_bot_V4.9.16_ALL_IN_ONE.py,Broker.place_otoco._send,function,nested,2756,2759,-,preserved-core
legacy_core/binance_bot_V4.9.16_ALL_IN_ONE.py,Broker.parse_otoco_ids,function,top-level-or-method,2764,2795,-,preserved-core
legacy_core/binance_bot_V4.9.16_ALL_IN_ONE.py,Broker.get_order_list,function,top-level-or-method,2798,2801,retry,preserved-core
legacy_core/binance_bot_V4.9.16_ALL_IN_ONE.py,Broker.open_order_lists,function,top-level-or-method,2803,2810,-,preserved-core
legacy_core/binance_bot_V4.9.16_ALL_IN_ONE.py,Broker.cancel_order_list,function,top-level-or-method,2813,2817,retry,preserved-core
legacy_core/binance_bot_V4.9.16_ALL_IN_ONE.py,Broker.order,function,top-level-or-method,2820,2823,retry,preserved-core
legacy_core/binance_bot_V4.9.16_ALL_IN_ONE.py,Portfolio.__init__,function,top-level-or-method,2830,2847,-,preserved-core
legacy_core/binance_bot_V4.9.16_ALL_IN_ONE.py,Portfolio._load,function,top-level-or-method,2850,3025,-,preserved-core
legacy_core/binance_bot_V4.9.16_ALL_IN_ONE.py,Portfolio._rebuild_position,function,top-level-or-method,3027,3061,-,preserved-core
legacy_core/binance_bot_V4.9.16_ALL_IN_ONE.py,Portfolio._reconcile_position,function,top-level-or-method,3063,3207,-,preserved-core
legacy_core/binance_bot_V4.9.16_ALL_IN_ONE.py,Portfolio._book_close,function,top-level-or-method,3209,3227,-,preserved-core
legacy_core/binance_bot_V4.9.16_ALL_IN_ONE.py,Portfolio.save,function,top-level-or-method,3229,3251,-,preserved-core
legacy_core/binance_bot_V4.9.16_ALL_IN_ONE.py,Portfolio.can_open,function,top-level-or-method,3254,3270,-,preserved-core
legacy_core/binance_bot_V4.9.16_ALL_IN_ONE.py,Portfolio.funds_ok,function,top-level-or-method,3272,3277,-,preserved-core
legacy_core/binance_bot_V4.9.16_ALL_IN_ONE.py,Portfolio.try_reserve,function,top-level-or-method,3280,3298,-,preserved-core
legacy_core/binance_bot_V4.9.16_ALL_IN_ONE.py,Portfolio.release_reservation,function,top-level-or-method,3300,3304,-,preserved-core
legacy_core/binance_bot_V4.9.16_ALL_IN_ONE.py,Portfolio.commit_reservation,function,top-level-or-method,3306,3311,-,preserved-core
legacy_core/binance_bot_V4.9.16_ALL_IN_ONE.py,Portfolio.register,function,top-level-or-method,3313,3317,-,preserved-core
legacy_core/binance_bot_V4.9.16_ALL_IN_ONE.py,Portfolio.close,function,top-level-or-method,3319,3345,-,preserved-core
legacy_core/binance_bot_V4.9.16_ALL_IN_ONE.py,Portfolio.halt,function,top-level-or-method,3347,3353,-,preserved-core
legacy_core/binance_bot_V4.9.16_ALL_IN_ONE.py,Portfolio.roll_daily_if_needed,function,top-level-or-method,3355,3373,-,preserved-core
legacy_core/binance_bot_V4.9.16_ALL_IN_ONE.py,Portfolio.reset_daily,function,top-level-or-method,3375,3383,-,preserved-core
legacy_core/binance_bot_V4.9.16_ALL_IN_ONE.py,pressure,function,top-level-or-method,3389,3402,-,preserved-core
legacy_core/binance_bot_V4.9.16_ALL_IN_ONE.py,ExitEngine.__init__,function,top-level-or-method,3409,3412,-,preserved-core
legacy_core/binance_bot_V4.9.16_ALL_IN_ONE.py,ExitEngine._cooldown,function,top-level-or-method,3414,3415,-,preserved-core
legacy_core/binance_bot_V4.9.16_ALL_IN_ONE.py,ExitEngine.place_initial,function,top-level-or-method,3417,3435,-,preserved-core
legacy_core/binance_bot_V4.9.16_ALL_IN_ONE.py,ExitEngine.rescue_trail,function,top-level-or-method,3437,3460,-,preserved-core
legacy_core/binance_bot_V4.9.16_ALL_IN_ONE.py,ExitEngine._momentum_ok,function,top-level-or-method,3462,3501,-,preserved-core
legacy_core/binance_bot_V4.9.16_ALL_IN_ONE.py,ExitEngine._maybe_uncap,function,top-level-or-method,3503,3545,-,preserved-core
legacy_core/binance_bot_V4.9.16_ALL_IN_ONE.py,ExitEngine.reprotect_if_naked,function,top-level-or-method,3547,3696,-,preserved-core
legacy_core/binance_bot_V4.9.16_ALL_IN_ONE.py,ExitEngine.maybe_tighten,function,top-level-or-method,3698,3716,-,preserved-core
legacy_core/binance_bot_V4.9.16_ALL_IN_ONE.py,ExitEngine._tighten,function,top-level-or-method,3718,3740,-,preserved-core
legacy_core/binance_bot_V4.9.16_ALL_IN_ONE.py,ExitEngine._emergency,function,top-level-or-method,3742,3760,-,preserved-core
legacy_core/binance_bot_V4.9.16_ALL_IN_ONE.py,EntryEngine.__init__,function,top-level-or-method,3767,3771,-,preserved-core
legacy_core/binance_bot_V4.9.16_ALL_IN_ONE.py,EntryEngine.execute,function,top-level-or-method,3773,3873,-,preserved-core
legacy_core/binance_bot_V4.9.16_ALL_IN_ONE.py,EntryEngine._add_on,function,top-level-or-method,3875,3898,-,preserved-core
legacy_core/binance_bot_V4.9.16_ALL_IN_ONE.py,EntryEngine._await_fill,function,top-level-or-method,3900,4001,-,preserved-core
legacy_core/binance_bot_V4.9.16_ALL_IN_ONE.py,EntryEngine._reprice,function,top-level-or-method,4003,4073,-,preserved-core
legacy_core/binance_bot_V4.9.16_ALL_IN_ONE.py,BtcBreaker.__init__,function,top-level-or-method,4080,4086,-,preserved-core
legacy_core/binance_bot_V4.9.16_ALL_IN_ONE.py,BtcBreaker.run,function,top-level-or-method,4088,4112,-,preserved-core
legacy_core/binance_bot_V4.9.16_ALL_IN_ONE.py,BtcBreaker.stop,function,top-level-or-method,4114,4115,-,preserved-core
legacy_core/binance_bot_V4.9.16_ALL_IN_ONE.py,_sf,function,top-level-or-method,4158,4164,-,preserved-core
legacy_core/binance_bot_V4.9.16_ALL_IN_ONE.py,analyse_symbol,function,top-level-or-method,4167,4537,-,preserved-core
legacy_core/binance_bot_V4.9.16_ALL_IN_ONE.py,_today,function,top-level-or-method,4558,4559,-,preserved-core
legacy_core/binance_bot_V4.9.16_ALL_IN_ONE.py,_clean_for_json,function,top-level-or-method,4562,4574,-,preserved-core
legacy_core/binance_bot_V4.9.16_ALL_IN_ONE.py,_rotate,function,top-level-or-method,4580,4594,-,preserved-core
legacy_core/binance_bot_V4.9.16_ALL_IN_ONE.py,_read,function,top-level-or-method,4597,4613,-,preserved-core
legacy_core/binance_bot_V4.9.16_ALL_IN_ONE.py,_write,function,top-level-or-method,4616,4626,-,preserved-core
legacy_core/binance_bot_V4.9.16_ALL_IN_ONE.py,log_signal,function,top-level-or-method,4630,4655,-,preserved-core
legacy_core/binance_bot_V4.9.16_ALL_IN_ONE.py,update_outcome,function,top-level-or-method,4658,4675,-,preserved-core
legacy_core/binance_bot_V4.9.16_ALL_IN_ONE.py,get_today_trade_count,function,top-level-or-method,4678,4684,-,preserved-core
legacy_core/binance_bot_V4.9.16_ALL_IN_ONE.py,get_today_pnl,function,top-level-or-method,4687,4696,-,preserved-core
legacy_core/binance_bot_V4.9.16_ALL_IN_ONE.py,build_daily_summary,function,top-level-or-method,4699,4718,-,preserved-core
legacy_core/binance_bot_V4.9.16_ALL_IN_ONE.py,simulate_outcome,function,top-level-or-method,4721,4753,-,preserved-core
legacy_core/binance_bot_V4.9.16_ALL_IN_ONE.py,_load_cache,function,top-level-or-method,4811,4819,-,preserved-core
legacy_core/binance_bot_V4.9.16_ALL_IN_ONE.py,_save_cache,function,top-level-or-method,4822,4830,-,preserved-core
legacy_core/binance_bot_V4.9.16_ALL_IN_ONE.py,_verdict_to_payload,function,top-level-or-method,4833,4848,-,preserved-core
legacy_core/binance_bot_V4.9.16_ALL_IN_ONE.py,screen_coin,function,top-level-or-method,4851,4876,-,preserved-core
legacy_core/binance_bot_V4.9.16_ALL_IN_ONE.py,set_verdict,function,top-level-or-method,4879,4889,-,preserved-core
legacy_core/binance_bot_V4.9.16_ALL_IN_ONE.py,enrich_signal,function,top-level-or-method,4892,4904,-,preserved-core
legacy_core/binance_bot_V4.9.16_ALL_IN_ONE.py,build_halal_list_report,function,top-level-or-method,4907,4932,-,preserved-core
legacy_core/binance_bot_V4.9.16_ALL_IN_ONE.py,_utc,function,top-level-or-method,4965,4966,-,preserved-core
legacy_core/binance_bot_V4.9.16_ALL_IN_ONE.py,RollingBudget.__init__,function,top-level-or-method,4972,4982,-,preserved-core
legacy_core/binance_bot_V4.9.16_ALL_IN_ONE.py,RollingBudget._roll,function,top-level-or-method,4984,4992,-,preserved-core
legacy_core/binance_bot_V4.9.16_ALL_IN_ONE.py,RollingBudget.allow,function,top-level-or-method,4994,5004,-,preserved-core
legacy_core/binance_bot_V4.9.16_ALL_IN_ONE.py,RollingBudget.record,function,top-level-or-method,5006,5013,-,preserved-core
legacy_core/binance_bot_V4.9.16_ALL_IN_ONE.py,RollingBudget.acquire,function,top-level-or-method,5015,5036,-,preserved-core
legacy_core/binance_bot_V4.9.16_ALL_IN_ONE.py,RollingBudget.stats,function,top-level-or-method,5038,5048,-,preserved-core
legacy_core/binance_bot_V4.9.16_ALL_IN_ONE.py,binance_weight_state,function,top-level-or-method,5057,5066,-,preserved-core
legacy_core/binance_bot_V4.9.16_ALL_IN_ONE.py,binance_guard,function,top-level-or-method,5069,5083,-,preserved-core
legacy_core/binance_bot_V4.9.16_ALL_IN_ONE.py,status_line,function,top-level-or-method,5086,5093,-,preserved-core
legacy_core/binance_bot_V4.9.16_ALL_IN_ONE.py,_normalise,function,top-level-or-method,5139,5156,-,preserved-core
legacy_core/binance_bot_V4.9.16_ALL_IN_ONE.py,_on_message,function,top-level-or-method,5159,5185,-,preserved-core
legacy_core/binance_bot_V4.9.16_ALL_IN_ONE.py,_on_error,function,top-level-or-method,5188,5189,-,preserved-core
legacy_core/binance_bot_V4.9.16_ALL_IN_ONE.py,_on_close,function,top-level-or-method,5192,5193,-,preserved-core
legacy_core/binance_bot_V4.9.16_ALL_IN_ONE.py,_run_forever,function,top-level-or-method,5196,5219,-,preserved-core
legacy_core/binance_bot_V4.9.16_ALL_IN_ONE.py,start_ws_ticker,function,top-level-or-method,5222,5234,-,preserved-core
legacy_core/binance_bot_V4.9.16_ALL_IN_ONE.py,restart_ws_ticker,function,top-level-or-method,5237,5252,-,preserved-core
legacy_core/binance_bot_V4.9.16_ALL_IN_ONE.py,get_ws_tickers,function,top-level-or-method,5255,5263,-,preserved-core
legacy_core/binance_bot_V4.9.16_ALL_IN_ONE.py,ws_is_warm,function,top-level-or-method,5266,5267,-,preserved-core
legacy_core/binance_bot_V4.9.16_ALL_IN_ONE.py,hold_memory_anchor,function,top-level-or-method,5299,5344,-,preserved-core
legacy_core/binance_bot_V4.9.16_ALL_IN_ONE.py,anchor_mb,function,top-level-or-method,5347,5350,-,preserved-core
legacy_core/binance_bot_V4.9.16_ALL_IN_ONE.py,ShariaComplianceScanner.__init__,function,top-level-or-method,5392,5398,-,preserved-core
legacy_core/binance_bot_V4.9.16_ALL_IN_ONE.py,ShariaComplianceScanner._parse,function,top-level-or-method,5401,5413,-,preserved-core
legacy_core/binance_bot_V4.9.16_ALL_IN_ONE.py,ShariaComplianceScanner._load,function,top-level-or-method,5415,5446,-,preserved-core
legacy_core/binance_bot_V4.9.16_ALL_IN_ONE.py,ShariaComplianceScanner.is_halal,function,top-level-or-method,5449,5458,-,preserved-core
legacy_core/binance_bot_V4.9.16_ALL_IN_ONE.py,ShariaComplianceScanner.count,function,top-level-or-method,5460,5462,-,preserved-core
legacy_core/binance_bot_V4.9.16_ALL_IN_ONE.py,ShariaComplianceScanner.symbols,function,top-level-or-method,5464,5466,-,preserved-core
legacy_core/binance_bot_V4.9.16_ALL_IN_ONE.py,ShariaComplianceScanner.reload_now,function,top-level-or-method,5468,5471,-,preserved-core
legacy_core/binance_bot_V4.9.16_ALL_IN_ONE.py,AutoTrader.__init__,function,top-level-or-method,5518,5540,-,preserved-core
legacy_core/binance_bot_V4.9.16_ALL_IN_ONE.py,AutoTrader.start,function,top-level-or-method,5543,5626,-,preserved-core
legacy_core/binance_bot_V4.9.16_ALL_IN_ONE.py,AutoTrader.is_running,function,top-level-or-method,5628,5629,-,preserved-core
legacy_core/binance_bot_V4.9.16_ALL_IN_ONE.py,AutoTrader._notify,function,top-level-or-method,5631,5638,-,preserved-core
legacy_core/binance_bot_V4.9.16_ALL_IN_ONE.py,AutoTrader._notify_gate,function,top-level-or-method,5640,5651,-,preserved-core
legacy_core/binance_bot_V4.9.16_ALL_IN_ONE.py,AutoTrader.submit_signal,function,top-level-or-method,5654,5691,-,preserved-core
legacy_core/binance_bot_V4.9.16_ALL_IN_ONE.py,AutoTrader._is_top_gainer,function,top-level-or-method,5693,5703,-,preserved-core
legacy_core/binance_bot_V4.9.16_ALL_IN_ONE.py,AutoTrader._bracket_fill,function,top-level-or-method,5706,5724,-,preserved-core
legacy_core/binance_bot_V4.9.16_ALL_IN_ONE.py,AutoTrader._monitor,function,top-level-or-method,5726,5788,-,preserved-core
legacy_core/binance_bot_V4.9.16_ALL_IN_ONE.py,AutoTrader._uds_order,function,top-level-or-method,5791,5801,-,preserved-core
legacy_core/binance_bot_V4.9.16_ALL_IN_ONE.py,AutoTrader._uds_list,function,top-level-or-method,5803,5810,-,preserved-core
legacy_core/binance_bot_V4.9.16_ALL_IN_ONE.py,AutoTrader._uds_resync,function,top-level-or-method,5812,5814,-,preserved-core
legacy_core/binance_bot_V4.9.16_ALL_IN_ONE.py,AutoTrader.set_autotrade,function,top-level-or-method,5817,5829,-,preserved-core
legacy_core/binance_bot_V4.9.16_ALL_IN_ONE.py,AutoTrader.set_size,function,top-level-or-method,5831,5842,-,preserved-core
legacy_core/binance_bot_V4.9.16_ALL_IN_ONE.py,AutoTrader.set_max,function,top-level-or-method,5844,5854,-,preserved-core
legacy_core/binance_bot_V4.9.16_ALL_IN_ONE.py,AutoTrader.status_text,function,top-level-or-method,5856,5884,-,preserved-core
legacy_core/binance_bot_V4.9.16_ALL_IN_ONE.py,AutoTrader.list_open_positions,function,top-level-or-method,5887,5895,-,preserved-core
legacy_core/binance_bot_V4.9.16_ALL_IN_ONE.py,AutoTrader.emergency_sell,function,top-level-or-method,5897,5915,-,preserved-core
legacy_core/binance_bot_V4.9.16_ALL_IN_ONE.py,AutoTrader.restart_user_stream,function,top-level-or-method,5917,5929,-,preserved-core
legacy_core/binance_bot_V4.9.16_ALL_IN_ONE.py,_e,function,top-level-or-method,5957,5961,-,preserved-core
legacy_core/binance_bot_V4.9.16_ALL_IN_ONE.py,_fmt_price,function,top-level-or-method,5964,5971,-,preserved-core
legacy_core/binance_bot_V4.9.16_ALL_IN_ONE.py,_fmt_usd,function,top-level-or-method,5974,5976,-,preserved-core
legacy_core/binance_bot_V4.9.16_ALL_IN_ONE.py,_worker_loop,function,top-level-or-method,5980,5998,-,preserved-core
legacy_core/binance_bot_V4.9.16_ALL_IN_ONE.py,start_telegram_worker,function,top-level-or-method,6001,6007,-,preserved-core
legacy_core/binance_bot_V4.9.16_ALL_IN_ONE.py,stop_telegram_worker,function,top-level-or-method,6010,6015,-,preserved-core
legacy_core/binance_bot_V4.9.16_ALL_IN_ONE.py,flush_telegram_queue,function,top-level-or-method,6018,6027,-,preserved-core
legacy_core/binance_bot_V4.9.16_ALL_IN_ONE.py,_enqueue,function,top-level-or-method,6030,6036,-,preserved-core
legacy_core/binance_bot_V4.9.16_ALL_IN_ONE.py,_send_sync,function,top-level-or-method,6039,6100,-,preserved-core
legacy_core/binance_bot_V4.9.16_ALL_IN_ONE.py,send_to_public_channel,function,top-level-or-method,6104,6109,-,preserved-core
legacy_core/binance_bot_V4.9.16_ALL_IN_ONE.py,send_to_owner,function,top-level-or-method,6112,6114,-,preserved-core
legacy_core/binance_bot_V4.9.16_ALL_IN_ONE.py,menu_set_signals_paused,function,top-level-or-method,6140,6142,-,preserved-core
legacy_core/binance_bot_V4.9.16_ALL_IN_ONE.py,menu_signals_paused,function,top-level-or-method,6145,6147,-,preserved-core
legacy_core/binance_bot_V4.9.16_ALL_IN_ONE.py,menu_mark_scan,function,top-level-or-method,6150,6152,-,preserved-core
legacy_core/binance_bot_V4.9.16_ALL_IN_ONE.py,menu_note_last_signal,function,top-level-or-method,6155,6159,-,preserved-core
legacy_core/binance_bot_V4.9.16_ALL_IN_ONE.py,menu_last_signal,function,top-level-or-method,6162,6164,-,preserved-core
legacy_core/binance_bot_V4.9.16_ALL_IN_ONE.py,menu_record_closed_trade,function,top-level-or-method,6170,6198,-,preserved-core
legacy_core/binance_bot_V4.9.16_ALL_IN_ONE.py,menu_read_pnl_ledger,function,top-level-or-method,6201,6221,-,preserved-core
legacy_core/binance_bot_V4.9.16_ALL_IN_ONE.py,menu_public_status_text,function,top-level-or-method,6224,6253,-,preserved-core
legacy_core/binance_bot_V4.9.16_ALL_IN_ONE.py,menu_public_status_text._ago,function,nested,6236,6244,-,preserved-core
legacy_core/binance_bot_V4.9.16_ALL_IN_ONE.py,menu_read_error_reports,function,top-level-or-method,6256,6291,-,preserved-core
legacy_core/binance_bot_V4.9.16_ALL_IN_ONE.py,menu_clear_error_reports,function,top-level-or-method,6294,6305,-,preserved-core
legacy_core/binance_bot_V4.9.16_ALL_IN_ONE.py,_paper_prefix,function,top-level-or-method,6309,6310,-,preserved-core
legacy_core/binance_bot_V4.9.16_ALL_IN_ONE.py,format_trade_signal,function,top-level-or-method,6313,6395,-,preserved-core
legacy_core/binance_bot_V4.9.16_ALL_IN_ONE.py,format_info_signal,function,top-level-or-method,6398,6419,-,preserved-core
legacy_core/binance_bot_V4.9.16_ALL_IN_ONE.py,send_trade_signal,function,top-level-or-method,6423,6435,-,preserved-core
legacy_core/binance_bot_V4.9.16_ALL_IN_ONE.py,send_info_signal,function,top-level-or-method,6438,6449,-,preserved-core
legacy_core/binance_bot_V4.9.16_ALL_IN_ONE.py,send_daily_summary,function,top-level-or-method,6452,6466,-,preserved-core
legacy_core/binance_bot_V4.9.16_ALL_IN_ONE.py,send_market_blocked,function,top-level-or-method,6469,6474,-,preserved-core
legacy_core/binance_bot_V4.9.16_ALL_IN_ONE.py,send_startup,function,top-level-or-method,6477,6493,-,preserved-core
legacy_core/binance_bot_V4.9.16_ALL_IN_ONE.py,validate_bot_token,function,top-level-or-method,6496,6507,-,preserved-core
legacy_core/binance_bot_V4.9.16_ALL_IN_ONE.py,validate_channel,function,top-level-or-method,6510,6526,-,preserved-core
legacy_core/binance_bot_V4.9.16_ALL_IN_ONE.py,TelegramCommandListener.__init__,function,top-level-or-method,6545,6558,-,preserved-core
legacy_core/binance_bot_V4.9.16_ALL_IN_ONE.py,TelegramCommandListener.start,function,top-level-or-method,6560,6567,-,preserved-core
legacy_core/binance_bot_V4.9.16_ALL_IN_ONE.py,TelegramCommandListener.stop,function,top-level-or-method,6569,6572,-,preserved-core
legacy_core/binance_bot_V4.9.16_ALL_IN_ONE.py,TelegramCommandListener.signal_fulfilled,function,top-level-or-method,6574,6575,-,preserved-core
legacy_core/binance_bot_V4.9.16_ALL_IN_ONE.py,TelegramCommandListener.reset_capital_silent,function,top-level-or-method,6577,6578,-,preserved-core
legacy_core/binance_bot_V4.9.16_ALL_IN_ONE.py,TelegramCommandListener._handle,function,top-level-or-method,6581,6653,-,preserved-core
legacy_core/binance_bot_V4.9.16_ALL_IN_ONE.py,TelegramCommandListener._do_scan,function,top-level-or-method,6655,6677,-,preserved-core
legacy_core/binance_bot_V4.9.16_ALL_IN_ONE.py,TelegramCommandListener._do_setcapital,function,top-level-or-method,6679,6695,-,preserved-core
legacy_core/binance_bot_V4.9.16_ALL_IN_ONE.py,TelegramCommandListener._parse_capital,function,top-level-or-method,6697,6728,-,preserved-core
legacy_core/binance_bot_V4.9.16_ALL_IN_ONE.py,TelegramCommandListener._parse_symbol,function,top-level-or-method,6730,6734,-,preserved-core
legacy_core/binance_bot_V4.9.16_ALL_IN_ONE.py,TelegramCommandListener._help_text,function,top-level-or-method,6736,6769,-,preserved-core
legacy_core/binance_bot_V4.9.16_ALL_IN_ONE.py,TelegramCommandListener._do_autotrade,function,top-level-or-method,6772,6783,-,preserved-core
legacy_core/binance_bot_V4.9.16_ALL_IN_ONE.py,TelegramCommandListener._do_setsize,function,top-level-or-method,6785,6794,-,preserved-core
legacy_core/binance_bot_V4.9.16_ALL_IN_ONE.py,TelegramCommandListener._do_setmax,function,top-level-or-method,6796,6805,-,preserved-core
legacy_core/binance_bot_V4.9.16_ALL_IN_ONE.py,TelegramCommandListener.offer_trade,function,top-level-or-method,6808,6824,-,preserved-core
legacy_core/binance_bot_V4.9.16_ALL_IN_ONE.py,TelegramCommandListener._answer_cb,function,top-level-or-method,6837,6847,-,preserved-core
legacy_core/binance_bot_V4.9.16_ALL_IN_ONE.py,TelegramCommandListener._on_callback,function,top-level-or-method,6849,6898,-,preserved-core
legacy_core/binance_bot_V4.9.16_ALL_IN_ONE.py,TelegramCommandListener._owner_menu_buttons,function,top-level-or-method,6901,6918,-,preserved-core
legacy_core/binance_bot_V4.9.16_ALL_IN_ONE.py,TelegramCommandListener._sizing_menu_buttons,function,top-level-or-method,6920,6936,-,preserved-core
legacy_core/binance_bot_V4.9.16_ALL_IN_ONE.py,TelegramCommandListener._send_sizing_menu,function,top-level-or-method,6938,6951,-,preserved-core
legacy_core/binance_bot_V4.9.16_ALL_IN_ONE.py,TelegramCommandListener._send_owner_menu,function,top-level-or-method,6953,6955,-,preserved-core
legacy_core/binance_bot_V4.9.16_ALL_IN_ONE.py,TelegramCommandListener._public_menu_buttons,function,top-level-or-method,6957,6965,-,preserved-core
legacy_core/binance_bot_V4.9.16_ALL_IN_ONE.py,TelegramCommandListener._send_public_menu,function,top-level-or-method,6967,6969,-,preserved-core
legacy_core/binance_bot_V4.9.16_ALL_IN_ONE.py,TelegramCommandListener._route_owner,function,top-level-or-method,6972,7058,-,preserved-core
legacy_core/binance_bot_V4.9.16_ALL_IN_ONE.py,TelegramCommandListener._route_public,function,top-level-or-method,7060,7075,-,preserved-core
legacy_core/binance_bot_V4.9.16_ALL_IN_ONE.py,TelegramCommandListener._owner_status,function,top-level-or-method,7078,7089,-,preserved-core
legacy_core/binance_bot_V4.9.16_ALL_IN_ONE.py,TelegramCommandListener._show_last_signal,function,top-level-or-method,7091,7097,-,preserved-core
legacy_core/binance_bot_V4.9.16_ALL_IN_ONE.py,TelegramCommandListener._emg_menu,function,top-level-or-method,7100,7111,-,preserved-core
legacy_core/binance_bot_V4.9.16_ALL_IN_ONE.py,TelegramCommandListener._emg_confirm,function,top-level-or-method,7113,7124,-,preserved-core
legacy_core/binance_bot_V4.9.16_ALL_IN_ONE.py,TelegramCommandListener._emg_execute,function,top-level-or-method,7126,7135,-,preserved-core
legacy_core/binance_bot_V4.9.16_ALL_IN_ONE.py,TelegramCommandListener._profit_menu,function,top-level-or-method,7138,7146,-,preserved-core
legacy_core/binance_bot_V4.9.16_ALL_IN_ONE.py,TelegramCommandListener._profit_action,function,top-level-or-method,7148,7189,-,preserved-core
legacy_core/binance_bot_V4.9.16_ALL_IN_ONE.py,TelegramCommandListener._export_pnl,function,top-level-or-method,7191,7207,-,preserved-core
legacy_core/binance_bot_V4.9.16_ALL_IN_ONE.py,TelegramCommandListener._err_menu,function,top-level-or-method,7210,7218,-,preserved-core
legacy_core/binance_bot_V4.9.16_ALL_IN_ONE.py,TelegramCommandListener._err_action,function,top-level-or-method,7220,7230,-,preserved-core
legacy_core/binance_bot_V4.9.16_ALL_IN_ONE.py,TelegramCommandListener._ws_menu,function,top-level-or-method,7233,7241,-,preserved-core
legacy_core/binance_bot_V4.9.16_ALL_IN_ONE.py,TelegramCommandListener._ws_action,function,top-level-or-method,7243,7259,-,preserved-core
legacy_core/binance_bot_V4.9.16_ALL_IN_ONE.py,TelegramCommandListener._settings_view,function,top-level-or-method,7262,7285,-,preserved-core
legacy_core/binance_bot_V4.9.16_ALL_IN_ONE.py,TelegramCommandListener._run_selftest_async,function,top-level-or-method,7288,7306,-,preserved-core
legacy_core/binance_bot_V4.9.16_ALL_IN_ONE.py,TelegramCommandListener._run_selftest_async._work,function,nested,7291,7304,-,preserved-core
legacy_core/binance_bot_V4.9.16_ALL_IN_ONE.py,TelegramCommandListener._backtest_view,function,top-level-or-method,7309,7326,-,preserved-core
legacy_core/binance_bot_V4.9.16_ALL_IN_ONE.py,TelegramCommandListener._backtest_run_async,function,top-level-or-method,7328,7344,-,preserved-core
legacy_core/binance_bot_V4.9.16_ALL_IN_ONE.py,TelegramCommandListener._backtest_run_async._work,function,nested,7332,7342,-,preserved-core
legacy_core/binance_bot_V4.9.16_ALL_IN_ONE.py,TelegramCommandListener._public_halal_text,function,top-level-or-method,7347,7351,-,preserved-core
legacy_core/binance_bot_V4.9.16_ALL_IN_ONE.py,TelegramCommandListener._public_howto_text,function,top-level-or-method,7353,7359,-,preserved-core
legacy_core/binance_bot_V4.9.16_ALL_IN_ONE.py,TelegramCommandListener._public_risk_text,function,top-level-or-method,7361,7365,-,preserved-core
legacy_core/binance_bot_V4.9.16_ALL_IN_ONE.py,TelegramCommandListener._public_help_text,function,top-level-or-method,7367,7371,-,preserved-core
legacy_core/binance_bot_V4.9.16_ALL_IN_ONE.py,TelegramCommandListener._reply,function,top-level-or-method,7373,7375,-,preserved-core
legacy_core/binance_bot_V4.9.16_ALL_IN_ONE.py,TelegramCommandListener._poll,function,top-level-or-method,7378,7425,-,preserved-core
legacy_core/binance_bot_V4.9.16_ALL_IN_ONE.py,_bt_indicator_score,function,top-level-or-method,7467,7510,-,preserved-core
legacy_core/binance_bot_V4.9.16_ALL_IN_ONE.py,_bt_simulate_symbol,function,top-level-or-method,7513,7582,-,preserved-core
legacy_core/binance_bot_V4.9.16_ALL_IN_ONE.py,_bt_metrics,function,top-level-or-method,7585,7624,-,preserved-core
legacy_core/binance_bot_V4.9.16_ALL_IN_ONE.py,run_backtest,function,top-level-or-method,7627,7695,-,preserved-core
legacy_core/binance_bot_V4.9.16_ALL_IN_ONE.py,run_backtest._finite,function,nested,7670,7677,-,preserved-core
legacy_core/binance_bot_V4.9.16_ALL_IN_ONE.py,UserDataStream.__init__,function,top-level-or-method,7716,7728,-,preserved-core
legacy_core/binance_bot_V4.9.16_ALL_IN_ONE.py,UserDataStream._create_listen_key,function,top-level-or-method,7731,7739,-,preserved-core
legacy_core/binance_bot_V4.9.16_ALL_IN_ONE.py,UserDataStream._keepalive,function,top-level-or-method,7741,7750,-,preserved-core
legacy_core/binance_bot_V4.9.16_ALL_IN_ONE.py,UserDataStream._keepalive_loop,function,top-level-or-method,7752,7761,-,preserved-core
legacy_core/binance_bot_V4.9.16_ALL_IN_ONE.py,UserDataStream.handle_message,function,top-level-or-method,7764,7779,-,preserved-core
legacy_core/binance_bot_V4.9.16_ALL_IN_ONE.py,UserDataStream._on_ws_message,function,top-level-or-method,7781,7786,-,preserved-core
legacy_core/binance_bot_V4.9.16_ALL_IN_ONE.py,UserDataStream._on_ws_error,function,top-level-or-method,7788,7789,-,preserved-core
legacy_core/binance_bot_V4.9.16_ALL_IN_ONE.py,UserDataStream._on_ws_close,function,top-level-or-method,7791,7793,-,preserved-core
legacy_core/binance_bot_V4.9.16_ALL_IN_ONE.py,UserDataStream._reconnect_soon,function,top-level-or-method,7795,7804,-,preserved-core
legacy_core/binance_bot_V4.9.16_ALL_IN_ONE.py,UserDataStream._stream_url,function,top-level-or-method,7806,7811,-,preserved-core
legacy_core/binance_bot_V4.9.16_ALL_IN_ONE.py,UserDataStream._connect,function,top-level-or-method,7813,7837,-,preserved-core
legacy_core/binance_bot_V4.9.16_ALL_IN_ONE.py,UserDataStream.start,function,top-level-or-method,7839,7848,-,preserved-core
legacy_core/binance_bot_V4.9.16_ALL_IN_ONE.py,UserDataStream.stop,function,top-level-or-method,7850,7856,-,preserved-core
legacy_core/binance_bot_V4.9.16_ALL_IN_ONE.py,_strategy_config_hash,function,top-level-or-method,7876,7887,-,preserved-core
legacy_core/binance_bot_V4.9.16_ALL_IN_ONE.py,_backtest_gate_ok,function,top-level-or-method,7890,7932,-,preserved-core
legacy_core/binance_bot_V4.9.16_ALL_IN_ONE.py,_live_gate_status,function,top-level-or-method,7935,7944,-,preserved-core
legacy_core/binance_bot_V4.9.16_ALL_IN_ONE.py,assert_live_ready,function,top-level-or-method,7947,7963,-,preserved-core
legacy_core/binance_bot_V4.9.16_ALL_IN_ONE.py,_mk_klines,function,top-level-or-method,7972,7981,-,preserved-core
legacy_core/binance_bot_V4.9.16_ALL_IN_ONE.py,test_rsi,function,top-level-or-method,7984,7998,-,preserved-core
legacy_core/binance_bot_V4.9.16_ALL_IN_ONE.py,test_vwap_uncap,function,top-level-or-method,8001,8026,-,preserved-core
legacy_core/binance_bot_V4.9.16_ALL_IN_ONE.py,test_vwap_uncap._Book.book,function,nested,8006,8007,-,preserved-core
legacy_core/binance_bot_V4.9.16_ALL_IN_ONE.py,test_partial_fill_protection,function,top-level-or-method,8029,8066,-,preserved-core
legacy_core/binance_bot_V4.9.16_ALL_IN_ONE.py,test_partial_fill_protection._B.__init__,function,nested,8046,8046,-,preserved-core
legacy_core/binance_bot_V4.9.16_ALL_IN_ONE.py,test_partial_fill_protection._B.open_orders,function,nested,8047,8051,-,preserved-core
legacy_core/binance_bot_V4.9.16_ALL_IN_ONE.py,test_partial_fill_protection._B.order,function,nested,8052,8054,-,preserved-core
legacy_core/binance_bot_V4.9.16_ALL_IN_ONE.py,test_partial_fill_protection._B.sym,function,nested,8055,8055,-,preserved-core
legacy_core/binance_bot_V4.9.16_ALL_IN_ONE.py,test_partial_fill_protection._B.open_order_lists,function,nested,8056,8056,-,preserved-core
legacy_core/binance_bot_V4.9.16_ALL_IN_ONE.py,test_partial_fill_protection._B.limit_buy,function,nested,8057,8058,-,preserved-core
legacy_core/binance_bot_V4.9.16_ALL_IN_ONE.py,_pivots_to_klines,function,top-level-or-method,8069,8083,-,preserved-core
legacy_core/binance_bot_V4.9.16_ALL_IN_ONE.py,test_backtester_runs,function,top-level-or-method,8086,8111,-,preserved-core
legacy_core/binance_bot_V4.9.16_ALL_IN_ONE.py,test_uds_dispatch,function,top-level-or-method,8114,8129,-,preserved-core
legacy_core/binance_bot_V4.9.16_ALL_IN_ONE.py,test_live_ready_blocks_by_default,function,top-level-or-method,8132,8151,-,preserved-core
legacy_core/binance_bot_V4.9.16_ALL_IN_ONE.py,_menu_patch,function,top-level-or-method,8160,8178,-,preserved-core
legacy_core/binance_bot_V4.9.16_ALL_IN_ONE.py,_menu_patch.restore,function,nested,8176,8177,-,preserved-core
legacy_core/binance_bot_V4.9.16_ALL_IN_ONE.py,test_menu_owner_callback_accepted,function,top-level-or-method,8181,8192,-,preserved-core
legacy_core/binance_bot_V4.9.16_ALL_IN_ONE.py,test_menu_nonowner_callback_rejected,function,top-level-or-method,8195,8208,-,preserved-core
legacy_core/binance_bot_V4.9.16_ALL_IN_ONE.py,test_menu_public_callback_any_user,function,top-level-or-method,8211,8224,-,preserved-core
legacy_core/binance_bot_V4.9.16_ALL_IN_ONE.py,test_menu_emergency_requires_confirmation,function,top-level-or-method,8227,8256,-,preserved-core
legacy_core/binance_bot_V4.9.16_ALL_IN_ONE.py,test_menu_emergency_requires_confirmation._FakeAT.__init__,function,nested,8231,8233,-,preserved-core
legacy_core/binance_bot_V4.9.16_ALL_IN_ONE.py,test_menu_emergency_requires_confirmation._FakeAT.list_open_positions,function,nested,8235,8236,-,preserved-core
legacy_core/binance_bot_V4.9.16_ALL_IN_ONE.py,test_menu_emergency_requires_confirmation._FakeAT.emergency_sell,function,nested,8238,8240,-,preserved-core
legacy_core/binance_bot_V4.9.16_ALL_IN_ONE.py,test_menu_pause_keeps_monitoring,function,top-level-or-method,8259,8269,-,preserved-core
legacy_core/binance_bot_V4.9.16_ALL_IN_ONE.py,test_round_down_modulus,function,top-level-or-method,8272,8281,-,preserved-core
legacy_core/binance_bot_V4.9.16_ALL_IN_ONE.py,test_429_backoff,function,top-level-or-method,8284,8317,-,preserved-core
legacy_core/binance_bot_V4.9.16_ALL_IN_ONE.py,test_429_backoff._Fake429.__init__,function,nested,8293,8294,-,preserved-core
legacy_core/binance_bot_V4.9.16_ALL_IN_ONE.py,test_429_backoff._flaky,function,nested,8297,8301,retry,preserved-core
legacy_core/binance_bot_V4.9.16_ALL_IN_ONE.py,test_channel_post_publicmenu,function,top-level-or-method,8321,8334,-,preserved-core
legacy_core/binance_bot_V4.9.16_ALL_IN_ONE.py,test_legacy_card_nonowner_rejected,function,top-level-or-method,8337,8349,-,preserved-core
legacy_core/binance_bot_V4.9.16_ALL_IN_ONE.py,test_get429_shared_pause,function,top-level-or-method,8352,8375,-,preserved-core
legacy_core/binance_bot_V4.9.16_ALL_IN_ONE.py,test_get429_shared_pause._Resp.json,function,nested,8358,8358,-,preserved-core
legacy_core/binance_bot_V4.9.16_ALL_IN_ONE.py,test_get429_shared_pause._Sess.get,function,nested,8361,8361,-,preserved-core
legacy_core/binance_bot_V4.9.16_ALL_IN_ONE.py,test_env_loader,function,top-level-or-method,8378,8390,-,preserved-core
legacy_core/binance_bot_V4.9.16_ALL_IN_ONE.py,test_single_instance_lock,function,top-level-or-method,8393,8410,-,preserved-core
legacy_core/binance_bot_V4.9.16_ALL_IN_ONE.py,test_reject_reconcile_discards,function,top-level-or-method,8413,8441,-,preserved-core
legacy_core/binance_bot_V4.9.16_ALL_IN_ONE.py,test_reject_reconcile_discards._B.get_order_list,function,nested,8424,8424,-,preserved-core
legacy_core/binance_bot_V4.9.16_ALL_IN_ONE.py,test_reject_reconcile_discards._B.order,function,nested,8425,8425,-,preserved-core
legacy_core/binance_bot_V4.9.16_ALL_IN_ONE.py,test_adoption_resolves_by_type,function,top-level-or-method,8444,8494,-,preserved-core
legacy_core/binance_bot_V4.9.16_ALL_IN_ONE.py,test_adoption_resolves_by_type._B.open_order_lists,function,nested,8463,8466,-,preserved-core
legacy_core/binance_bot_V4.9.16_ALL_IN_ONE.py,test_adoption_resolves_by_type._B.sym,function,nested,8467,8467,-,preserved-core
legacy_core/binance_bot_V4.9.16_ALL_IN_ONE.py,test_adoption_resolves_by_type._B.order,function,nested,8468,8470,-,preserved-core
legacy_core/binance_bot_V4.9.16_ALL_IN_ONE.py,test_live_gate_rejects_fake_and_negative,function,top-level-or-method,8497,8523,-,preserved-core
legacy_core/binance_bot_V4.9.16_ALL_IN_ONE.py,test_live_gate_rejects_fake_and_negative._w,function,nested,8504,8505,-,preserved-core
legacy_core/binance_bot_V4.9.16_ALL_IN_ONE.py,test_full_signal_path,function,top-level-or-method,8526,8555,-,preserved-core
legacy_core/binance_bot_V4.9.16_ALL_IN_ONE.py,test_full_signal_path._mk,function,nested,8531,8535,-,preserved-core
legacy_core/binance_bot_V4.9.16_ALL_IN_ONE.py,test_c03_reconcile_when_state_missing,function,top-level-or-method,8558,8587,-,preserved-core
legacy_core/binance_bot_V4.9.16_ALL_IN_ONE.py,test_c03_reconcile_when_state_missing._B.open_order_lists,function,nested,8565,8567,-,preserved-core
legacy_core/binance_bot_V4.9.16_ALL_IN_ONE.py,test_c03_reconcile_when_state_missing._B.open_orders,function,nested,8568,8568,-,preserved-core
legacy_core/binance_bot_V4.9.16_ALL_IN_ONE.py,test_c03_reconcile_when_state_missing._B.sym,function,nested,8569,8569,-,preserved-core
legacy_core/binance_bot_V4.9.16_ALL_IN_ONE.py,test_c03_reconcile_when_state_missing._B.order,function,nested,8570,8573,-,preserved-core
legacy_core/binance_bot_V4.9.16_ALL_IN_ONE.py,test_c03_reconcile_when_state_missing._B.get_order_list,function,nested,8574,8575,-,preserved-core
legacy_core/binance_bot_V4.9.16_ALL_IN_ONE.py,test_c08_reprotect_on_crash,function,top-level-or-method,8590,8617,-,preserved-core
legacy_core/binance_bot_V4.9.16_ALL_IN_ONE.py,test_c08_reprotect_on_crash._B.order,function,nested,8597,8597,-,preserved-core
legacy_core/binance_bot_V4.9.16_ALL_IN_ONE.py,test_c08_reprotect_on_crash._B.get_order_list,function,nested,8598,8598,-,preserved-core
legacy_core/binance_bot_V4.9.16_ALL_IN_ONE.py,test_c08_reprotect_on_crash._B.free,function,nested,8599,8599,-,preserved-core
legacy_core/binance_bot_V4.9.16_ALL_IN_ONE.py,test_c08_reprotect_on_crash._B.clamp_delta,function,nested,8600,8600,-,preserved-core
legacy_core/binance_bot_V4.9.16_ALL_IN_ONE.py,test_c08_reprotect_on_crash._B.immediate_trailing_sell,function,nested,8601,8601,-,preserved-core
legacy_core/binance_bot_V4.9.16_ALL_IN_ONE.py,test_c08_reprotect_on_crash._PF.save,function,nested,8603,8603,-,preserved-core
legacy_core/binance_bot_V4.9.16_ALL_IN_ONE.py,test_c08_reprotect_on_crash._PF.halt,function,nested,8604,8604,-,preserved-core
legacy_core/binance_bot_V4.9.16_ALL_IN_ONE.py,_c08_pf,function,top-level-or-method,8620,8625,-,preserved-core
legacy_core/binance_bot_V4.9.16_ALL_IN_ONE.py,_c08_pf._PF.__init__,function,nested,8622,8622,-,preserved-core
legacy_core/binance_bot_V4.9.16_ALL_IN_ONE.py,_c08_pf._PF.save,function,nested,8623,8623,-,preserved-core
legacy_core/binance_bot_V4.9.16_ALL_IN_ONE.py,_c08_pf._PF.halt,function,nested,8624,8624,-,preserved-core
legacy_core/binance_bot_V4.9.16_ALL_IN_ONE.py,_c08_sym,function,top-level-or-method,8627,8629,-,preserved-core
legacy_core/binance_bot_V4.9.16_ALL_IN_ONE.py,test_c08_unknown_does_not_resell,function,top-level-or-method,8631,8655,-,preserved-core
legacy_core/binance_bot_V4.9.16_ALL_IN_ONE.py,test_c08_unknown_does_not_resell._B.order,function,nested,8637,8637,-,preserved-core
legacy_core/binance_bot_V4.9.16_ALL_IN_ONE.py,test_c08_unknown_does_not_resell._B.get_order_list,function,nested,8638,8638,-,preserved-core
legacy_core/binance_bot_V4.9.16_ALL_IN_ONE.py,test_c08_unknown_does_not_resell._B.free,function,nested,8639,8639,-,preserved-core
legacy_core/binance_bot_V4.9.16_ALL_IN_ONE.py,test_c08_unknown_does_not_resell._B.clamp_delta,function,nested,8640,8640,-,preserved-core
legacy_core/binance_bot_V4.9.16_ALL_IN_ONE.py,test_c08_unknown_does_not_resell._B.immediate_trailing_sell,function,nested,8641,8642,-,preserved-core
legacy_core/binance_bot_V4.9.16_ALL_IN_ONE.py,test_c08_live_protection_not_touched,function,top-level-or-method,8657,8675,-,preserved-core
legacy_core/binance_bot_V4.9.16_ALL_IN_ONE.py,test_c08_live_protection_not_touched._B.order,function,nested,8662,8662,-,preserved-core
legacy_core/binance_bot_V4.9.16_ALL_IN_ONE.py,test_c08_live_protection_not_touched._B.get_order_list,function,nested,8663,8663,-,preserved-core
legacy_core/binance_bot_V4.9.16_ALL_IN_ONE.py,test_c08_live_protection_not_touched._B.free,function,nested,8664,8664,-,preserved-core
legacy_core/binance_bot_V4.9.16_ALL_IN_ONE.py,test_c08_live_protection_not_touched._B.clamp_delta,function,nested,8665,8665,-,preserved-core
legacy_core/binance_bot_V4.9.16_ALL_IN_ONE.py,test_c08_live_protection_not_touched._B.immediate_trailing_sell,function,nested,8666,8667,-,preserved-core
legacy_core/binance_bot_V4.9.16_ALL_IN_ONE.py,_c814_sym,function,top-level-or-method,8678,8680,-,preserved-core
legacy_core/binance_bot_V4.9.16_ALL_IN_ONE.py,_c814_pf,function,top-level-or-method,8681,8686,-,preserved-core
legacy_core/binance_bot_V4.9.16_ALL_IN_ONE.py,_c814_pf._PF.__init__,function,nested,8683,8683,-,preserved-core
legacy_core/binance_bot_V4.9.16_ALL_IN_ONE.py,_c814_pf._PF.save,function,nested,8684,8684,-,preserved-core
legacy_core/binance_bot_V4.9.16_ALL_IN_ONE.py,_c814_pf._PF.halt,function,nested,8685,8685,-,preserved-core
legacy_core/binance_bot_V4.9.16_ALL_IN_ONE.py,_c814_ex,function,top-level-or-method,8687,8689,-,preserved-core
legacy_core/binance_bot_V4.9.16_ALL_IN_ONE.py,test_c814_reject_is_unknown,function,top-level-or-method,8691,8709,-,preserved-core
legacy_core/binance_bot_V4.9.16_ALL_IN_ONE.py,test_c814_reject_is_unknown._B.get_order_list,function,nested,8696,8696,-,preserved-core
legacy_core/binance_bot_V4.9.16_ALL_IN_ONE.py,test_c814_reject_is_unknown._B.free,function,nested,8697,8697,-,preserved-core
legacy_core/binance_bot_V4.9.16_ALL_IN_ONE.py,test_c814_reject_is_unknown._B.clamp_delta,function,nested,8698,8698,-,preserved-core
legacy_core/binance_bot_V4.9.16_ALL_IN_ONE.py,test_c814_reject_is_unknown._B.immediate_trailing_sell,function,nested,8699,8699,-,preserved-core
legacy_core/binance_bot_V4.9.16_ALL_IN_ONE.py,test_c814_filled_not_held_books_closed,function,top-level-or-method,8711,8729,-,preserved-core
legacy_core/binance_bot_V4.9.16_ALL_IN_ONE.py,test_c814_filled_not_held_books_closed._B.order,function,nested,8716,8716,-,preserved-core
legacy_core/binance_bot_V4.9.16_ALL_IN_ONE.py,test_c814_filled_not_held_books_closed._B.free,function,nested,8717,8717,-,preserved-core
legacy_core/binance_bot_V4.9.16_ALL_IN_ONE.py,test_c814_filled_not_held_books_closed._B.clamp_delta,function,nested,8718,8718,-,preserved-core
legacy_core/binance_bot_V4.9.16_ALL_IN_ONE.py,test_c814_filled_not_held_books_closed._B.immediate_trailing_sell,function,nested,8719,8719,-,preserved-core
legacy_core/binance_bot_V4.9.16_ALL_IN_ONE.py,test_c814_terminal_held_rearms,function,top-level-or-method,8731,8748,-,preserved-core
legacy_core/binance_bot_V4.9.16_ALL_IN_ONE.py,test_c814_terminal_held_rearms._B.order,function,nested,8735,8735,-,preserved-core
legacy_core/binance_bot_V4.9.16_ALL_IN_ONE.py,test_c814_terminal_held_rearms._B.free,function,nested,8736,8736,-,preserved-core
legacy_core/binance_bot_V4.9.16_ALL_IN_ONE.py,test_c814_terminal_held_rearms._B.clamp_delta,function,nested,8737,8737,-,preserved-core
legacy_core/binance_bot_V4.9.16_ALL_IN_ONE.py,test_c814_terminal_held_rearms._B.immediate_trailing_sell,function,nested,8738,8738,-,preserved-core
legacy_core/binance_bot_V4.9.16_ALL_IN_ONE.py,test_opt1_broker_refuses_entry_when_off,function,top-level-or-method,8751,8768,-,preserved-core
legacy_core/binance_bot_V4.9.16_ALL_IN_ONE.py,test_opt1_arm_disarm_tracks_switch,function,top-level-or-method,8770,8775,-,preserved-core
legacy_core/binance_bot_V4.9.16_ALL_IN_ONE.py,test_opt3_partial_position_rearmed_not_abandoned,function,top-level-or-method,8777,8803,-,preserved-core
legacy_core/binance_bot_V4.9.16_ALL_IN_ONE.py,test_opt3_partial_position_rearmed_not_abandoned._B.order,function,nested,8784,8784,-,preserved-core
legacy_core/binance_bot_V4.9.16_ALL_IN_ONE.py,test_opt3_partial_position_rearmed_not_abandoned._B.free,function,nested,8785,8785,-,preserved-core
legacy_core/binance_bot_V4.9.16_ALL_IN_ONE.py,test_opt3_partial_position_rearmed_not_abandoned._B.clamp_delta,function,nested,8786,8786,-,preserved-core
legacy_core/binance_bot_V4.9.16_ALL_IN_ONE.py,test_opt3_partial_position_rearmed_not_abandoned._B.immediate_trailing_sell,function,nested,8787,8788,-,preserved-core
legacy_core/binance_bot_V4.9.16_ALL_IN_ONE.py,test_opt3_partial_position_rearmed_not_abandoned._PF.__init__,function,nested,8790,8790,-,preserved-core
legacy_core/binance_bot_V4.9.16_ALL_IN_ONE.py,test_opt3_partial_position_rearmed_not_abandoned._PF.save,function,nested,8791,8791,-,preserved-core
legacy_core/binance_bot_V4.9.16_ALL_IN_ONE.py,test_daily_counter_rolls_on_new_day,function,top-level-or-method,8806,8822,-,preserved-core
legacy_core/binance_bot_V4.9.16_ALL_IN_ONE.py,test_daily_counter_rolls_on_new_day._sv,function,nested,8813,8813,-,preserved-core
legacy_core/binance_bot_V4.9.16_ALL_IN_ONE.py,run_selftests,function,top-level-or-method,8825,8885,-,preserved-core
legacy_core/binance_bot_V4.9.16_ALL_IN_ONE.py,beat,function,top-level-or-method,8908,8909,-,preserved-core
legacy_core/binance_bot_V4.9.16_ALL_IN_ONE.py,check_heartbeats,function,top-level-or-method,8912,8942,-,preserved-core
legacy_core/binance_bot_V4.9.16_ALL_IN_ONE.py,ErrorReporter.__init__,function,top-level-or-method,8948,8951,-,preserved-core
legacy_core/binance_bot_V4.9.16_ALL_IN_ONE.py,ErrorReporter.set_notifier,function,top-level-or-method,8953,8954,-,preserved-core
legacy_core/binance_bot_V4.9.16_ALL_IN_ONE.py,ErrorReporter.report,function,top-level-or-method,8956,8995,-,preserved-core
legacy_core/binance_bot_V4.9.16_ALL_IN_ONE.py,set_error_notifier,function,top-level-or-method,9001,9002,-,preserved-core
legacy_core/binance_bot_V4.9.16_ALL_IN_ONE.py,install_global_hooks,function,top-level-or-method,9005,9035,-,preserved-core
legacy_core/binance_bot_V4.9.16_ALL_IN_ONE.py,install_global_hooks._hook,function,nested,9011,9021,-,preserved-core
legacy_core/binance_bot_V4.9.16_ALL_IN_ONE.py,install_global_hooks._thook,function,nested,9025,9030,-,preserved-core
legacy_core/binance_bot_V4.9.16_ALL_IN_ONE.py,_autotrader_notify,function,top-level-or-method,9086,9092,-,preserved-core
legacy_core/binance_bot_V4.9.16_ALL_IN_ONE.py,_shutdown,function,top-level-or-method,9096,9125,-,preserved-core
legacy_core/binance_bot_V4.9.16_ALL_IN_ONE.py,_on_capital_change,function,top-level-or-method,9132,9144,-,preserved-core
legacy_core/binance_bot_V4.9.16_ALL_IN_ONE.py,_get_entry_size,function,top-level-or-method,9147,9149,-,preserved-core
legacy_core/binance_bot_V4.9.16_ALL_IN_ONE.py,_apply_user_capital,function,top-level-or-method,9152,9183,-,preserved-core
legacy_core/binance_bot_V4.9.16_ALL_IN_ONE.py,_check_queue,function,top-level-or-method,9186,9205,-,preserved-core
legacy_core/binance_bot_V4.9.16_ALL_IN_ONE.py,_within_cooldown,function,top-level-or-method,9213,9220,-,preserved-core
legacy_core/binance_bot_V4.9.16_ALL_IN_ONE.py,_record_alert,function,top-level-or-method,9223,9225,-,preserved-core
legacy_core/binance_bot_V4.9.16_ALL_IN_ONE.py,_prune_cooldowns,function,top-level-or-method,9228,9236,-,preserved-core
legacy_core/binance_bot_V4.9.16_ALL_IN_ONE.py,check_market_health,function,top-level-or-method,9240,9251,-,preserved-core
legacy_core/binance_bot_V4.9.16_ALL_IN_ONE.py,get_status,function,top-level-or-method,9255,9280,-,preserved-core
legacy_core/binance_bot_V4.9.16_ALL_IN_ONE.py,scan_once,function,top-level-or-method,9284,9394,-,preserved-core
legacy_core/binance_bot_V4.9.16_ALL_IN_ONE.py,manual_scan,function,top-level-or-method,9398,9418,-,preserved-core
legacy_core/binance_bot_V4.9.16_ALL_IN_ONE.py,_new_coin_loop,function,top-level-or-method,9426,9462,-,preserved-core
legacy_core/binance_bot_V4.9.16_ALL_IN_ONE.py,main_loop,function,top-level-or-method,9466,9673,-,preserved-core
legacy_core/binance_bot_V4.9.16_ALL_IN_ONE.py,_scanner_main,function,top-level-or-method,9677,9686,-,preserved-core
monitoring/api/app.py,_base,function,top-level-or-method,23,34,-,monitoring
monitoring/api/app.py,_payload,function,top-level-or-method,37,38,-,monitoring
monitoring/api/app.py,health,function,top-level-or-method,42,51,app.get(API + '/health'),monitoring
monitoring/api/app.py,status,function,top-level-or-method,55,66,app.get(API + '/status'),monitoring
monitoring/api/app.py,performance,function,top-level-or-method,70,79,app.get(API + '/performance'),monitoring
monitoring/api/app.py,trades,function,top-level-or-method,83,91,app.get(API + '/trades'),monitoring
monitoring/api/app.py,errors,function,top-level-or-method,95,103,app.get(API + '/errors'),monitoring
monitoring/api/app.py,crashes,function,top-level-or-method,107,111,app.get(API + '/crashes'),monitoring
monitoring/api/app.py,latency,function,top-level-or-method,115,119,app.get(API + '/latency'),monitoring
monitoring/api/app.py,system,function,top-level-or-method,123,128,app.get(API + '/system'),monitoring
monitoring/api/app.py,deployment,function,top-level-or-method,132,133,app.get(API + '/deployment'),monitoring
monitoring/api/app.py,sharia,function,top-level-or-method,137,138,app.get(API + '/sharia'),monitoring
monitoring/api/app.py,report,function,top-level-or-method,142,169,app.get(API + '/report'),monitoring
monitoring/api/authentication.py,_lock_exclusive,function,top-level-or-method,22,23,-,monitoring
monitoring/api/authentication.py,_unlock,function,top-level-or-method,25,26,-,monitoring
monitoring/api/authentication.py,_lock_exclusive,function,top-level-or-method,30,32,-,monitoring
monitoring/api/authentication.py,_unlock,function,top-level-or-method,34,36,-,monitoring
monitoring/api/authentication.py,_rotate_audit,function,top-level-or-method,47,66,-,monitoring
monitoring/api/authentication.py,audit,function,top-level-or-method,69,91,-,monitoring
monitoring/api/authentication.py,_audit_or_503,function,top-level-or-method,94,100,-,monitoring
monitoring/api/authentication.py,_client_ip,function,top-level-or-method,103,104,-,monitoring
monitoring/api/authentication.py,_allowed,function,top-level-or-method,107,112,-,monitoring
monitoring/api/authentication.py,require_bearer,function,top-level-or-method,115,145,-,monitoring
monitoring/api/configuration.py,_int,function,top-level-or-method,16,21,-,monitoring
monitoring/api/configuration.py,_bool,function,top-level-or-method,24,25,-,monitoring
monitoring/api/configuration.py,secret_is_configured,function,top-level-or-method,34,36,-,monitoring
monitoring/api/configuration.py,loopback_http_url,function,top-level-or-method,39,51,-,monitoring
monitoring/api/configuration.py,Config.__init__,function,top-level-or-method,63,154,-,monitoring
monitoring/api/configuration.py,Config.banner,function,top-level-or-method,156,165,-,monitoring
monitoring/api/configuration.py,Config.allowed_networks,function,top-level-or-method,167,173,-,monitoring
monitoring/api/configuration.py,Config.runtime_errors,function,top-level-or-method,175,197,-,monitoring
monitoring/api/configuration.py,reload,function,top-level-or-method,203,208,-,monitoring
monitoring/api/database.py,_read_only_sql,function,top-level-or-method,15,19,-,monitoring
monitoring/api/database.py,query,function,top-level-or-method,22,40,-,monitoring
monitoring/api/database.py,status,function,top-level-or-method,43,67,-,monitoring
monitoring/api/log_redaction.py,redact,function,top-level-or-method,40,50,-,monitoring
monitoring/api/log_redaction.py,redact_obj,function,top-level-or-method,53,65,-,monitoring
monitoring/api/metrics.py,_iso,function,top-level-or-method,29,33,-,monitoring
monitoring/api/metrics.py,_parse_time,function,top-level-or-method,36,52,-,monitoring
monitoring/api/metrics.py,_safe_float,function,top-level-or-method,55,60,-,monitoring
monitoring/api/metrics.py,_safe_json,function,top-level-or-method,63,71,-,monitoring
monitoring/api/metrics.py,file_freshness,function,top-level-or-method,74,86,-,monitoring
monitoring/api/metrics.py,_health,function,top-level-or-method,89,103,-,monitoring
monitoring/api/metrics.py,runtime_health,function,top-level-or-method,106,117,-,monitoring
monitoring/api/metrics.py,container_state,function,top-level-or-method,120,139,-,monitoring
monitoring/api/metrics.py,system_resources,function,top-level-or-method,142,169,-,monitoring
monitoring/api/metrics.py,binance_latency,function,top-level-or-method,172,207,-,monitoring
monitoring/api/metrics.py,binance_latency.percentile,function,nested,195,197,-,monitoring
monitoring/api/metrics.py,_tail_text,function,top-level-or-method,210,227,-,monitoring
monitoring/api/metrics.py,tail_log,function,top-level-or-method,230,232,-,monitoring
monitoring/api/metrics.py,log_freshness,function,top-level-or-method,235,236,-,monitoring
monitoring/api/metrics.py,error_lines,function,top-level-or-method,239,251,-,monitoring
monitoring/api/metrics.py,_log_line_epoch,function,top-level-or-method,254,256,-,monitoring
monitoring/api/metrics.py,crash_blocks,function,top-level-or-method,259,296,-,monitoring
monitoring/api/metrics.py,databases,function,top-level-or-method,299,306,-,monitoring
monitoring/api/metrics.py,execution_state,function,top-level-or-method,309,334,-,monitoring
monitoring/api/metrics.py,_read_jsonl_tail,function,top-level-or-method,337,349,-,monitoring
monitoring/api/metrics.py,performance,function,top-level-or-method,352,394,-,monitoring
monitoring/api/metrics.py,recent_trades,function,top-level-or-method,397,409,-,monitoring
monitoring/api/metrics.py,signal_performance,function,top-level-or-method,412,435,-,monitoring
monitoring/api/metrics.py,order_quality,function,top-level-or-method,438,484,-,monitoring
monitoring/api/metrics.py,websocket_status,function,top-level-or-method,487,503,-,monitoring
monitoring/api/metrics.py,telegram_alert_outbox_status,function,top-level-or-method,506,523,-,monitoring
monitoring/api/metrics.py,sharia_status,function,top-level-or-method,526,553,-,monitoring
monitoring/api/metrics.py,deployment_info,function,top-level-or-method,556,576,-,monitoring
monitoring/api/metrics.py,recent_security_warnings,function,top-level-or-method,579,594,-,monitoring
monitoring/control.py,monitor_port_available,function,top-level-or-method,11,24,-,monitoring
monitoring/control.py,check,function,top-level-or-method,27,49,-,monitoring
monitoring/control.py,main,function,top-level-or-method,52,57,-,monitoring
monitoring/mcp/monitor_mcp_server.py,_base_url,function,top-level-or-method,18,24,-,monitoring
monitoring/mcp/monitor_mcp_server.py,_get,function,top-level-or-method,27,45,-,monitoring
monitoring/mcp/monitor_mcp_server.py,_clamp,function,top-level-or-method,48,52,-,monitoring
monitoring/mcp/monitor_mcp_server.py,create_server,function,top-level-or-method,55,120,-,monitoring
monitoring/mcp/monitor_mcp_server.py,create_server.bot_health,function,nested,61,63,server.tool(),monitoring
monitoring/mcp/monitor_mcp_server.py,create_server.bot_status,function,nested,66,68,server.tool(),monitoring
monitoring/mcp/monitor_mcp_server.py,create_server.bot_performance,function,nested,71,73,server.tool(),monitoring
monitoring/mcp/monitor_mcp_server.py,create_server.bot_recent_trades,function,nested,76,78,server.tool(),monitoring
monitoring/mcp/monitor_mcp_server.py,create_server.bot_errors,function,nested,81,83,server.tool(),monitoring
monitoring/mcp/monitor_mcp_server.py,create_server.bot_crashes,function,nested,86,88,server.tool(),monitoring
monitoring/mcp/monitor_mcp_server.py,create_server.bot_binance_latency,function,nested,91,93,server.tool(),monitoring
monitoring/mcp/monitor_mcp_server.py,create_server.bot_system_resources,function,nested,96,98,server.tool(),monitoring
monitoring/mcp/monitor_mcp_server.py,create_server.bot_deployment_status,function,nested,101,103,server.tool(),monitoring
monitoring/mcp/monitor_mcp_server.py,create_server.bot_sharia_status,function,nested,106,108,server.tool(),monitoring
monitoring/mcp/monitor_mcp_server.py,create_server.bot_daily_report,function,nested,111,113,server.tool(),monitoring
monitoring/mcp/monitor_mcp_server.py,create_server.bot_custom_report,function,nested,116,118,server.tool(),monitoring
monitoring/mcp/monitor_mcp_server.py,main,function,top-level-or-method,123,125,-,monitoring
monitoring/snapshot.py,collect,function,top-level-or-method,27,64,-,monitoring
monitoring/snapshot.py,atomic_write,function,top-level-or-method,67,83,-,monitoring
monitoring/snapshot.py,main,function,top-level-or-method,86,95,-,monitoring
monitoring/telegram/telegram_reporter.py,_failure,function,top-level-or-method,17,19,-,monitoring
monitoring/telegram/telegram_reporter.py,_format,function,top-level-or-method,22,45,-,monitoring
monitoring/telegram/telegram_reporter.py,_send,function,top-level-or-method,48,61,-,monitoring
monitoring/telegram/telegram_reporter.py,main,function,top-level-or-method,64,111,-,monitoring
monitoring/tests/test_monitoring.py,isolated_config,function,top-level-or-method,42,76,pytest.fixture(autouse=True),test
monitoring/tests/test_monitoring.py,_execution_db,function,top-level-or-method,79,95,-,test
monitoring/tests/test_monitoring.py,_signal_db,function,top-level-or-method,98,104,-,test
monitoring/tests/test_monitoring.py,_write,function,top-level-or-method,107,109,-,test
monitoring/tests/test_monitoring.py,test_auth_missing_is_401,function,top-level-or-method,113,114,-,test
monitoring/tests/test_monitoring.py,test_auth_wrong_is_401,function,top-level-or-method,117,118,-,test
monitoring/tests/test_monitoring.py,test_auth_valid_is_200,function,top-level-or-method,121,122,-,test
monitoring/tests/test_monitoring.py,test_auth_uses_constant_time_compare,function,top-level-or-method,125,127,-,test
monitoring/tests/test_monitoring.py,test_monitor_enabled_flag_is_enforced,function,top-level-or-method,130,132,-,test
monitoring/tests/test_monitoring.py,test_placeholder_monitor_token_is_rejected,function,top-level-or-method,135,137,-,test
monitoring/tests/test_monitoring.py,test_source_allowlist_is_enforced,function,top-level-or-method,140,142,-,test
monitoring/tests/test_monitoring.py,test_invalid_auth_does_not_exhaust_valid_quota,function,top-level-or-method,145,150,-,test
monitoring/tests/test_monitoring.py,test_authorized_request_is_audited,function,top-level-or-method,153,156,-,test
monitoring/tests/test_monitoring.py,test_audit_failure_fails_request_visibly,function,top-level-or-method,159,161,-,test
monitoring/tests/test_monitoring.py,test_secret_redaction,function,top-level-or-method,173,175,"pytest.mark.parametrize('value,secret', [('Authorization: Bearer abc123', 'abc123'), ('Authorization: Basic dXNlcjpwYXNz', 'dXNlcjpwYXNz'), ('MONITOR_TOKEN=short123', 'short123'), ('MCP_AUTH_TOKEN=abcdefghijklmnop', 'abcdefghijklmnop'), ('password=""secret with spaces""', 'secret with spaces'), ('1234567:ABCDEFGHIJKLMNOPQRSTUVWXYZabcdef', 'ABCDEFGHIJKLMNOPQRSTUVWXYZabcdef')])",test
monitoring/tests/test_monitoring.py,test_recursive_redaction_covers_sensitive_fields,function,top-level-or-method,178,181,-,test
monitoring/tests/test_monitoring.py,test_database_missing_is_structured,function,top-level-or-method,185,186,-,test
monitoring/tests/test_monitoring.py,test_database_malformed_is_structured,function,top-level-or-method,189,191,-,test
monitoring/tests/test_monitoring.py,test_database_helper_rejects_writes,function,top-level-or-method,194,197,-,test
monitoring/tests/test_monitoring.py,test_signal_date_filter_crosses_midnight_with_space_timestamp,function,top-level-or-method,200,218,-,test
monitoring/tests/test_monitoring.py,test_signal_date_filter_crosses_midnight_with_space_timestamp.FixedDateTime.now,function,nested,205,206,classmethod,test
monitoring/tests/test_monitoring.py,test_execution_state_is_authoritative_and_separate,function,top-level-or-method,221,230,-,test
monitoring/tests/test_monitoring.py,test_execution_pnl_ledger_drives_real_performance,function,top-level-or-method,233,242,-,test
monitoring/tests/test_monitoring.py,test_recent_trades_are_bounded,function,top-level-or-method,245,250,-,test
monitoring/tests/test_monitoring.py,test_order_quality_uses_structured_execution_events,function,top-level-or-method,253,260,-,test
monitoring/tests/test_monitoring.py,test_log_tail_reads_bounded_suffix,function,top-level-or-method,264,268,-,test
monitoring/tests/test_monitoring.py,test_crash_window_is_hours_not_fake_line_count,function,top-level-or-method,271,279,-,test
monitoring/tests/test_monitoring.py,test_container_snapshot_replaces_docker_socket_access,function,top-level-or-method,282,290,-,test
monitoring/tests/test_monitoring.py,test_runtime_health_uses_bot_generated_files,function,top-level-or-method,293,298,-,test
monitoring/tests/test_monitoring.py,test_websocket_state_and_reconnects_are_exposed,function,top-level-or-method,301,307,-,test
monitoring/tests/test_monitoring.py,test_telegram_alert_backlog_and_dead_letters_are_exposed,function,top-level-or-method,310,324,-,test
monitoring/tests/test_monitoring.py,test_sharia_service_queue_and_latest_scan_are_exposed,function,top-level-or-method,327,332,-,test
monitoring/tests/test_monitoring.py,test_deployment_schema_matches_installer_output,function,top-level-or-method,335,343,-,test
monitoring/tests/test_monitoring.py,test_recent_security_warnings_are_redacted,function,top-level-or-method,346,349,-,test
monitoring/tests/test_monitoring.py,test_monitor_audit_is_durable_and_rotated,function,top-level-or-method,352,359,-,test
monitoring/tests/test_monitoring.py,test_mcp_rejects_non_loopback_url,function,top-level-or-method,363,365,-,test
monitoring/tests/test_monitoring.py,test_mcp_clamps_arguments_and_sends_token_only_in_header,function,top-level-or-method,368,383,-,test
monitoring/tests/test_monitoring.py,test_mcp_clamps_arguments_and_sends_token_only_in_header.Response.raise_for_status,function,nested,373,373,-,test
monitoring/tests/test_monitoring.py,test_mcp_clamps_arguments_and_sends_token_only_in_header.Response.json,function,nested,374,374,-,test
monitoring/tests/test_monitoring.py,test_mcp_clamps_arguments_and_sends_token_only_in_header.fake_get,function,nested,376,378,-,test
monitoring/tests/test_monitoring.py,test_telegram_disabled_flag_is_enforced,function,top-level-or-method,386,388,-,test
monitoring/tests/test_monitoring.py,test_telegram_failure_never_prints_its_token,function,top-level-or-method,391,400,-,test
monitoring/tests/test_monitoring.py,test_telegram_checks_json_ok,function,top-level-or-method,403,409,-,test
monitoring/tests/test_monitoring.py,test_telegram_checks_json_ok.Response.raise_for_status,function,nested,405,405,-,test
monitoring/tests/test_monitoring.py,test_telegram_checks_json_ok.Response.json,function,nested,406,406,-,test
monitoring/tests/test_monitoring.py,test_loopback_url_validation,function,top-level-or-method,413,416,-,test
monitoring/tests/test_monitoring.py,test_monitor_config_source_does_not_read_trading_credentials,function,top-level-or-method,419,422,-,test
monitoring/tests/test_monitoring.py,test_mode_templates_have_correct_topology_ports_and_isolation,function,top-level-or-method,425,434,-,test
monitoring/tests/test_monitoring.py,test_gitignore_keeps_monitor_examples,function,top-level-or-method,437,439,-,test
monitoring/tests/test_monitoring.py,test_systemd_pairs_and_hardening,function,top-level-or-method,442,451,-,test
monitoring/tests/test_monitoring.py,test_snapshot_helper_has_no_mutating_docker_commands,function,top-level-or-method,454,457,-,test
monitoring/tests/test_monitoring.py,test_ci_and_release_gate_include_monitoring,function,top-level-or-method,460,466,-,test
monitoring/tests/test_monitoring.py,test_monitoring_tests_install_exact_hash_locked_runtime_separately,function,top-level-or-method,469,483,-,test
monitoring/tests/test_monitoring.py,test_oracle_installer_installs_monitoring,function,top-level-or-method,486,490,-,test
monitoring/tests/test_monitoring.py,test_every_api_route_is_get_only_and_has_no_order_route,function,top-level-or-method,493,497,-,test
monitoring/tests/test_monitoring.py,test_docs_are_disabled_by_default,function,top-level-or-method,500,501,-,test
monitoring/tests/test_monitoring.py,test_control_requires_explicit_telegram_enable,function,top-level-or-method,504,507,-,test
scripts/build_audit_ledgers.py,_iter_files,function,top-level-or-method,70,76,-,release-script
scripts/build_audit_ledgers.py,_rel,function,top-level-or-method,79,80,-,release-script
scripts/build_audit_ledgers.py,_file_type,function,top-level-or-method,83,91,-,release-script
scripts/build_audit_ledgers.py,_category,function,top-level-or-method,94,98,-,release-script
scripts/build_audit_ledgers.py,build_file_ledger_text,function,top-level-or-method,101,119,-,release-script
scripts/build_audit_ledgers.py,_defs_in,function,top-level-or-method,122,164,-,release-script
scripts/build_audit_ledgers.py,_defs_in.walk,function,nested,129,163,-,release-script
scripts/build_audit_ledgers.py,build_function_ledger_text,function,top-level-or-method,167,184,-,release-script
scripts/build_audit_ledgers.py,write_ledgers,function,top-level-or-method,187,192,-,release-script
scripts/build_audit_ledgers.py,check_ledgers,function,top-level-or-method,195,214,-,release-script
scripts/build_audit_ledgers.py,main,function,top-level-or-method,217,224,-,release-script
scripts/build_manifest.py,sha,function,top-level-or-method,45,46,-,release-script
scripts/build_manifest.py,main,function,top-level-or-method,49,97,-,release-script
scripts/generate_evidence_status.py,_sha256,function,top-level-or-method,20,25,-,release-script
scripts/generate_evidence_status.py,_protected_mapping,function,top-level-or-method,28,38,-,release-script
scripts/generate_evidence_status.py,_verify_protected,function,top-level-or-method,41,48,-,release-script
scripts/generate_evidence_status.py,_data_rows,function,top-level-or-method,51,54,-,release-script
scripts/generate_evidence_status.py,_atomic_json,function,top-level-or-method,57,74,-,release-script
scripts/generate_evidence_status.py,build_evidence,function,top-level-or-method,77,118,-,release-script
scripts/generate_evidence_status.py,parse_args,function,top-level-or-method,121,131,-,release-script
scripts/generate_evidence_status.py,main,function,top-level-or-method,134,136,-,release-script
scripts/scan_git_history_secrets.py,_placeholder,function,top-level-or-method,51,57,-,release-script
scripts/scan_git_history_secrets.py,scan_history,function,top-level-or-method,60,95,-,release-script
scripts/scan_git_history_secrets.py,main,function,top-level-or-method,98,108,-,release-script
scripts/seed_source_registry.py,require_pinned_proxy_environment,function,top-level-or-method,70,87,-,release-script
scripts/seed_source_registry.py,positive_value_conflicts_with_quote,function,top-level-or-method,110,117,-,release-script
scripts/seed_source_registry.py,strict_bool,function,top-level-or-method,120,131,-,release-script
scripts/seed_source_registry.py,sentences,function,top-level-or-method,134,136,-,release-script
scripts/seed_source_registry.py,candidates,function,top-level-or-method,139,156,-,release-script
scripts/seed_source_registry.py,infer_verdict,function,top-level-or-method,159,173,-,release-script
scripts/seed_source_registry.py,screener_for,function,top-level-or-method,176,183,-,release-script
scripts/seed_source_registry.py,quote_is_in,function,top-level-or-method,186,187,-,release-script
scripts/seed_source_registry.py,do_propose,function,top-level-or-method,190,353,-,release-script
scripts/seed_source_registry.py,do_apply,function,top-level-or-method,356,515,-,release-script
scripts/seed_source_registry.py,main,function,top-level-or-method,518,538,-,release-script
scripts/verify_coverage_ratchet.py,measured_percent,function,top-level-or-method,10,15,-,release-script
scripts/verify_coverage_ratchet.py,main,function,top-level-or-method,18,37,-,release-script
scripts/verify_deployment_supply_chain.py,_logical_requirements,function,top-level-or-method,22,37,-,release-script
scripts/verify_deployment_supply_chain.py,deployment_supply_chain_errors,function,top-level-or-method,40,81,-,release-script
scripts/verify_deployment_supply_chain.py,main,function,top-level-or-method,84,94,-,release-script
scripts/verify_external_validation_evidence.py,_utc,function,top-level-or-method,38,50,-,release-script
scripts/verify_external_validation_evidence.py,_walk_keys,function,top-level-or-method,53,63,-,release-script
scripts/verify_external_validation_evidence.py,validate,function,top-level-or-method,66,114,-,release-script
scripts/verify_external_validation_evidence.py,main,function,top-level-or-method,117,140,-,release-script
scripts/verify_manifest.py,sha,function,top-level-or-method,10,11,-,release-script
scripts/verify_manifest.py,current_release_files,function,top-level-or-method,14,25,-,release-script
scripts/verify_manifest.py,main,function,top-level-or-method,28,82,-,release-script
services/common/atomic.py,atomic_write_json,function,top-level-or-method,7,31,-,runtime-service
services/common/atomic.py,read_json,function,top-level-or-method,34,39,-,runtime-service
services/common/audit.py,_lock_exclusive,function,top-level-or-method,13,14,-,runtime-service
services/common/audit.py,_unlock,function,top-level-or-method,16,17,-,runtime-service
services/common/audit.py,_lock_exclusive,function,top-level-or-method,21,23,-,runtime-service
services/common/audit.py,_unlock,function,top-level-or-method,25,27,-,runtime-service
services/common/audit.py,_rotate,function,top-level-or-method,32,50,-,runtime-service
services/common/audit.py,audit,function,top-level-or-method,53,83,-,runtime-service
services/common/binance_public.py,BinanceRateLimitError.__init__,function,top-level-or-method,37,40,-,runtime-service
services/common/binance_public.py,BinancePublicClient.__init__,function,top-level-or-method,44,51,-,runtime-service
services/common/binance_public.py,BinancePublicClient._retry_after_seconds,function,top-level-or-method,54,59,staticmethod,runtime-service
services/common/binance_public.py,BinancePublicClient.get,function,top-level-or-method,61,98,-,runtime-service
services/common/binance_public.py,BinancePublicClient.exchange_info,function,top-level-or-method,101,103,-,runtime-service
services/common/binance_public.py,BinancePublicClient.ticker_24h,function,top-level-or-method,105,106,-,runtime-service
services/common/binance_public.py,BinancePublicClient.book_ticker,function,top-level-or-method,108,109,-,runtime-service
services/common/binance_public.py,BinancePublicClient.ticker_price,function,top-level-or-method,111,112,-,runtime-service
services/common/binance_public.py,BinancePublicClient.reference_price,function,top-level-or-method,119,160,-,runtime-service
services/common/binance_public.py,BinancePublicClient.spot_usdt_trading_symbols,function,top-level-or-method,162,174,-,runtime-service
services/common/config_bounds.py,env_int,function,top-level-or-method,16,27,-,runtime-service
services/common/config_bounds.py,env_float,function,top-level-or-method,30,43,-,runtime-service
services/common/config_bounds.py,env_choice,function,top-level-or-method,46,51,-,runtime-service
services/common/envelope.py,canonical_bytes,function,top-level-or-method,67,68,-,runtime-service
services/common/envelope.py,installed_release_hash,function,top-level-or-method,71,85,-,runtime-service
services/common/envelope.py,load_key,function,top-level-or-method,88,98,-,runtime-service
services/common/envelope.py,sign_envelope,function,top-level-or-method,101,125,-,runtime-service
services/common/envelope.py,verify_envelope,function,top-level-or-method,128,169,-,runtime-service
services/common/envelope.py,read_verified_file,function,top-level-or-method,172,180,-,runtime-service
services/common/evidence_providers.py,is_selectable_for_new_result,function,top-level-or-method,50,52,-,runtime-service
services/common/evidence_providers.py,is_registered,function,top-level-or-method,55,56,-,runtime-service
services/common/evidence_providers.py,registered_providers,function,top-level-or-method,59,60,-,runtime-service
services/common/evidence_providers.py,required_record_keys,function,top-level-or-method,63,68,-,runtime-service
services/common/models.py,Signal.to_dict,function,top-level-or-method,43,44,-,runtime-service
services/common/retention.py,prune_files,function,top-level-or-method,7,43,-,runtime-service
services/common/sharia_attestation.py,_canonical_bytes,function,top-level-or-method,34,36,-,runtime-service
services/common/sharia_attestation.py,_decode_key,function,top-level-or-method,39,54,-,runtime-service
services/common/sharia_attestation.py,load_private_key,function,top-level-or-method,57,58,-,runtime-service
services/common/sharia_attestation.py,load_public_key,function,top-level-or-method,61,62,-,runtime-service
services/common/sharia_attestation.py,_key_id,function,top-level-or-method,65,67,-,runtime-service
services/common/sharia_attestation.py,_body,function,top-level-or-method,70,77,-,runtime-service
services/common/sharia_attestation.py,sign_payload,function,top-level-or-method,80,96,-,runtime-service
services/common/sharia_attestation.py,verify_payload,function,top-level-or-method,99,122,-,runtime-service
services/common/sharia_attestation.py,attach,function,top-level-or-method,125,129,-,runtime-service
services/common/sharia_attestation.py,verify_attached,function,top-level-or-method,132,139,-,runtime-service
services/common/sharia_v19.py,controller_sha256,function,top-level-or-method,127,128,-,runtime-service
services/common/sharia_v19.py,load_controller,function,top-level-or-method,131,148,-,runtime-service
services/common/sharia_v19.py,_require,function,top-level-or-method,151,153,-,runtime-service
services/common/sharia_v19.py,normalize_evidence_url,function,top-level-or-method,156,171,-,runtime-service
services/common/sharia_v19.py,_provider_tool_evidence_urls,function,top-level-or-method,174,275,-,runtime-service
services/common/sharia_v19.py,validate_local_evidence_files,function,top-level-or-method,278,311,-,runtime-service
services/common/sharia_v19.py,_validate_green_evidence,function,top-level-or-method,314,399,-,runtime-service
services/common/sharia_v19.py,validate_result,function,top-level-or-method,402,498,-,runtime-service
services/common/sharia_v19.py,fail_closed_report,function,top-level-or-method,501,534,-,runtime-service
services/common/strategy_fingerprint.py,_method_node,function,top-level-or-method,39,48,-,runtime-service
services/common/strategy_fingerprint.py,method_source_segment,function,top-level-or-method,51,58,-,runtime-service
services/common/strategy_fingerprint.py,source_hash,function,top-level-or-method,61,63,-,runtime-service
services/common/strategy_fingerprint.py,token_stream,function,top-level-or-method,66,76,-,runtime-service
services/common/strategy_fingerprint.py,token_hash,function,top-level-or-method,79,82,-,runtime-service
services/common/strategy_fingerprint.py,fingerprints,function,top-level-or-method,85,92,-,runtime-service
services/execution_sidecar/core_adapter.py,CoreAdapter.__init__,function,top-level-or-method,73,88,-,runtime-service
services/execution_sidecar/core_adapter.py,CoreAdapter.runtime_safety_faults,function,top-level-or-method,90,91,-,runtime-service
services/execution_sidecar/core_adapter.py,CoreAdapter._handle_stream_safety_fault,function,top-level-or-method,93,154,-,runtime-service
services/execution_sidecar/core_adapter.py,CoreAdapter._install_event_wrappers,function,top-level-or-method,156,224,-,runtime-service
services/execution_sidecar/core_adapter.py,CoreAdapter._install_event_wrappers.wrapped_order,function,nested,160,191,-,runtime-service
services/execution_sidecar/core_adapter.py,CoreAdapter._install_event_wrappers.wrapped_list,function,nested,193,221,-,runtime-service
services/execution_sidecar/core_adapter.py,CoreAdapter._configure_environment,function,top-level-or-method,226,232,-,runtime-service
services/execution_sidecar/core_adapter.py,CoreAdapter.start,function,top-level-or-method,234,316,-,runtime-service
services/execution_sidecar/core_adapter.py,CoreAdapter.start.place_mode_aware,function,nested,253,283,-,runtime-service
services/execution_sidecar/core_adapter.py,CoreAdapter.start.place_mode_aware.send,function,nested,279,282,-,runtime-service
services/execution_sidecar/core_adapter.py,CoreAdapter.start.limit_buy_strict,function,nested,287,296,-,runtime-service
services/execution_sidecar/core_adapter.py,CoreAdapter.start.activation_trailing_sell_strict,function,nested,301,303,-,runtime-service
services/execution_sidecar/core_adapter.py,CoreAdapter.start.immediate_trailing_sell_strict,function,nested,309,310,-,runtime-service
services/execution_sidecar/core_adapter.py,CoreAdapter.set_enabled,function,top-level-or-method,318,323,-,runtime-service
services/execution_sidecar/core_adapter.py,CoreAdapter.submit,function,top-level-or-method,325,326,-,runtime-service
services/execution_sidecar/core_adapter.py,CoreAdapter.status,function,top-level-or-method,328,329,-,runtime-service
services/execution_sidecar/core_adapter.py,CoreAdapter.positions,function,top-level-or-method,331,332,-,runtime-service
services/execution_sidecar/core_adapter.py,CoreAdapter.open_orders_snapshot,function,top-level-or-method,334,399,-,runtime-service
services/execution_sidecar/core_adapter.py,CoreAdapter.open_orders_snapshot.public_order,function,nested,376,377,-,runtime-service
services/execution_sidecar/core_adapter.py,CoreAdapter.balance,function,top-level-or-method,401,413,-,runtime-service
services/execution_sidecar/core_adapter.py,CoreAdapter.profit,function,top-level-or-method,415,424,-,runtime-service
services/execution_sidecar/core_adapter.py,CoreAdapter.restart_user_stream,function,top-level-or-method,426,427,-,runtime-service
services/execution_sidecar/core_adapter.py,CoreAdapter.reload_sharia,function,top-level-or-method,429,430,-,runtime-service
services/execution_sidecar/core_adapter.py,CoreAdapter.set_size,function,top-level-or-method,432,433,-,runtime-service
services/execution_sidecar/core_adapter.py,CoreAdapter.set_max,function,top-level-or-method,435,436,-,runtime-service
services/execution_sidecar/core_adapter.py,CoreAdapter._install_safety_interpositions,function,top-level-or-method,438,478,-,runtime-service
services/execution_sidecar/core_adapter.py,CoreAdapter._install_safety_interpositions.strict_free,function,nested,442,446,-,runtime-service
services/execution_sidecar/core_adapter.py,CoreAdapter._install_safety_interpositions.invalidate,function,nested,448,450,-,runtime-service
services/execution_sidecar/core_adapter.py,CoreAdapter._install_safety_interpositions.reconcile,function,nested,452,453,-,runtime-service
services/execution_sidecar/core_adapter.py,CoreAdapter._install_safety_interpositions.await_fill,function,nested,455,456,-,runtime-service
services/execution_sidecar/core_adapter.py,CoreAdapter._install_safety_interpositions.reprice,function,nested,458,459,-,runtime-service
services/execution_sidecar/core_adapter.py,CoreAdapter._install_safety_interpositions.bracket_fill,function,nested,461,462,-,runtime-service
services/execution_sidecar/core_adapter.py,CoreAdapter._install_safety_interpositions.emergency,function,nested,464,466,-,runtime-service
services/execution_sidecar/core_adapter.py,CoreAdapter._install_safety_interpositions.reprotect,function,nested,468,469,-,runtime-service
services/execution_sidecar/core_adapter.py,CoreAdapter._decimal,function,top-level-or-method,481,488,staticmethod,runtime-service
services/execution_sidecar/core_adapter.py,CoreAdapter.strict_balance_snapshot,function,top-level-or-method,490,532,-,runtime-service
services/execution_sidecar/core_adapter.py,CoreAdapter._latch_safety,function,top-level-or-method,534,557,-,runtime-service
services/execution_sidecar/core_adapter.py,CoreAdapter._update_intent,function,top-level-or-method,559,562,-,runtime-service
services/execution_sidecar/core_adapter.py,CoreAdapter._resolve_safety,function,top-level-or-method,564,567,-,runtime-service
services/execution_sidecar/core_adapter.py,CoreAdapter._unsafe_exchange_fact,function,top-level-or-method,570,579,staticmethod,runtime-service
services/execution_sidecar/core_adapter.py,CoreAdapter._order_status,function,top-level-or-method,582,583,staticmethod,runtime-service
services/execution_sidecar/core_adapter.py,CoreAdapter._query_order,function,top-level-or-method,585,590,-,runtime-service
services/execution_sidecar/core_adapter.py,CoreAdapter._query_list,function,top-level-or-method,592,597,-,runtime-service
services/execution_sidecar/core_adapter.py,CoreAdapter._known_order_ids,function,top-level-or-method,600,609,staticmethod,runtime-service
services/execution_sidecar/core_adapter.py,CoreAdapter._cancel_and_verify_known,function,top-level-or-method,611,650,-,runtime-service
services/execution_sidecar/core_adapter.py,CoreAdapter._verify_live_protection,function,top-level-or-method,652,682,-,runtime-service
services/execution_sidecar/core_adapter.py,CoreAdapter._is_dust,function,top-level-or-method,685,693,staticmethod,runtime-service
services/execution_sidecar/core_adapter.py,CoreAdapter._terminal_list_exit_evidence,function,top-level-or-method,695,756,-,runtime-service
services/execution_sidecar/core_adapter.py,CoreAdapter._terminal_single_exit_evidence,function,top-level-or-method,758,811,-,runtime-service
services/execution_sidecar/core_adapter.py,CoreAdapter._mark_reprotect_required,function,top-level-or-method,813,824,-,runtime-service
services/execution_sidecar/core_adapter.py,CoreAdapter._reconcile_position_interposed,function,top-level-or-method,826,901,-,runtime-service
services/execution_sidecar/core_adapter.py,CoreAdapter._bracket_fill_interposed,function,top-level-or-method,903,911,-,runtime-service
services/execution_sidecar/core_adapter.py,CoreAdapter._resolve_symbol_reprotect_halts,function,top-level-or-method,913,919,-,runtime-service
services/execution_sidecar/core_adapter.py,CoreAdapter._place_verified_rescue_trail,function,top-level-or-method,921,1019,-,runtime-service
services/execution_sidecar/core_adapter.py,CoreAdapter._place_verified_rescue_trail.send,function,nested,957,960,-,runtime-service
services/execution_sidecar/core_adapter.py,CoreAdapter._reprotect_interposed,function,top-level-or-method,1021,1097,-,runtime-service
services/execution_sidecar/core_adapter.py,CoreAdapter._reprice_interposed,function,top-level-or-method,1099,1115,-,runtime-service
services/execution_sidecar/core_adapter.py,CoreAdapter._apply_entry_fill,function,top-level-or-method,1118,1127,staticmethod,runtime-service
services/execution_sidecar/core_adapter.py,CoreAdapter._apply_verified_cancel_entry_fact,function,top-level-or-method,1129,1143,-,runtime-service
services/execution_sidecar/core_adapter.py,CoreAdapter._prevalidate_initial_protection,function,top-level-or-method,1145,1180,-,runtime-service
services/execution_sidecar/core_adapter.py,CoreAdapter._entry_trail_delta,function,top-level-or-method,1183,1190,staticmethod,runtime-service
services/execution_sidecar/core_adapter.py,CoreAdapter._strict_trailing_sell,function,top-level-or-method,1192,1237,-,runtime-service
services/execution_sidecar/core_adapter.py,CoreAdapter._strict_trailing_sell.send,function,nested,1230,1233,-,runtime-service
services/execution_sidecar/core_adapter.py,CoreAdapter._entry_fill_ready,function,top-level-or-method,1239,1268,-,runtime-service
services/execution_sidecar/core_adapter.py,CoreAdapter._await_fill_interposed,function,top-level-or-method,1270,1361,-,runtime-service
services/execution_sidecar/core_adapter.py,CoreAdapter.emergency_exit,function,top-level-or-method,1363,1551,-,runtime-service
services/execution_sidecar/core_adapter.py,CoreAdapter.emergency_exit.send,function,nested,1448,1451,-,runtime-service
services/execution_sidecar/core_adapter.py,CoreAdapter.mirror_positions,function,top-level-or-method,1553,1563,-,runtime-service
services/execution_sidecar/core_adapter.py,CoreAdapter._service_reconcile_positions,function,top-level-or-method,1565,1658,-,runtime-service
services/execution_sidecar/core_adapter.py,CoreAdapter.verified_reconcile,function,top-level-or-method,1660,1743,-,runtime-service
services/execution_sidecar/core_adapter.py,CoreAdapter.verified_reconcile.probe,function,nested,1674,1684,-,runtime-service
services/execution_sidecar/core_adapter.py,CoreAdapter.reconcile,function,top-level-or-method,1745,1747,-,runtime-service
services/execution_sidecar/core_adapter.py,CoreAdapter._validate_existing_request,function,top-level-or-method,1750,1787,staticmethod,runtime-service
services/execution_sidecar/core_adapter.py,CoreAdapter.convert,function,top-level-or-method,1789,1987,-,runtime-service
services/execution_sidecar/core_adapter.py,CoreAdapter.convert.send,function,nested,1870,1873,-,runtime-service
services/execution_sidecar/core_adapter.py,CoreAdapter._validate_replacement_filters,function,top-level-or-method,1989,2014,-,runtime-service
services/execution_sidecar/core_adapter.py,CoreAdapter._validate_replacement_filters.open_orders_for,function,nested,1996,2001,-,runtime-service
services/execution_sidecar/core_adapter.py,CoreAdapter._validate_replacement_filters.open_lists,function,nested,2003,2008,-,runtime-service
services/execution_sidecar/core_adapter.py,CoreAdapter._persist_replacement_intent,function,top-level-or-method,2016,2026,-,runtime-service
services/execution_sidecar/core_adapter.py,CoreAdapter._clear_replacement_intent,function,top-level-or-method,2028,2035,-,runtime-service
services/execution_sidecar/core_adapter.py,CoreAdapter._replacement_confirmed_absent,function,top-level-or-method,2037,2058,-,runtime-service
services/execution_sidecar/filters.py,OrderLeg.__post_init__,function,top-level-or-method,47,50,-,runtime-service
services/execution_sidecar/filters.py,_optional_trailing_delta,function,top-level-or-method,53,59,-,runtime-service
services/execution_sidecar/filters.py,legs_from_request,function,top-level-or-method,62,120,-,runtime-service
services/execution_sidecar/filters.py,SpotFilterValidator.__init__,function,top-level-or-method,124,129,-,runtime-service
services/execution_sidecar/filters.py,SpotFilterValidator._symbol_entry,function,top-level-or-method,132,161,-,runtime-service
services/execution_sidecar/filters.py,SpotFilterValidator._reference_price,function,top-level-or-method,163,202,-,runtime-service
services/execution_sidecar/filters.py,SpotFilterValidator._last_price,function,top-level-or-method,204,214,-,runtime-service
services/execution_sidecar/filters.py,SpotFilterValidator._dec,function,top-level-or-method,218,229,staticmethod,runtime-service
services/execution_sidecar/filters.py,SpotFilterValidator._required_filter,function,top-level-or-method,232,236,staticmethod,runtime-service
services/execution_sidecar/filters.py,SpotFilterValidator._required_decimal,function,top-level-or-method,239,250,staticmethod,runtime-service
services/execution_sidecar/filters.py,SpotFilterValidator._required_int,function,top-level-or-method,253,261,staticmethod,runtime-service
services/execution_sidecar/filters.py,SpotFilterValidator._required_bool,function,top-level-or-method,264,268,staticmethod,runtime-service
services/execution_sidecar/filters.py,SpotFilterValidator._filter_map,function,top-level-or-method,271,285,staticmethod,runtime-service
services/execution_sidecar/filters.py,SpotFilterValidator._validate_legs,function,top-level-or-method,288,302,staticmethod,runtime-service
services/execution_sidecar/filters.py,SpotFilterValidator._validate_oco_relationship,function,top-level-or-method,304,344,-,runtime-service
services/execution_sidecar/filters.py,SpotFilterValidator.validate_replacement,function,top-level-or-method,346,632,-,runtime-service
services/execution_sidecar/filters.py,SpotFilterValidator.validate_replacement.mark,function,nested,373,375,-,runtime-service
services/execution_sidecar/live_evidence.py,evidence_path,function,top-level-or-method,43,44,-,runtime-service
services/execution_sidecar/live_evidence.py,verify_live_evidence,function,top-level-or-method,47,85,-,runtime-service
services/execution_sidecar/main.py,universe_state,function,top-level-or-method,31,38,-,runtime-service
services/execution_sidecar/main.py,universe_legacy,function,top-level-or-method,40,42,-,runtime-service
services/execution_sidecar/main.py,notify,function,top-level-or-method,44,71,-,runtime-service
services/execution_sidecar/main.py,_safe_command_id,function,top-level-or-method,73,75,-,runtime-service
services/execution_sidecar/main.py,_safe_spot_symbol,function,top-level-or-method,77,81,-,runtime-service
services/execution_sidecar/main.py,_disarm_execution,function,top-level-or-method,83,102,-,runtime-service
services/execution_sidecar/main.py,_write_command_result,function,top-level-or-method,104,112,-,runtime-service
services/execution_sidecar/main.py,process_command,function,top-level-or-method,114,295,-,runtime-service
services/execution_sidecar/main.py,user_stream_state,function,top-level-or-method,300,326,-,runtime-service
services/execution_sidecar/main.py,live_interlock,function,top-level-or-method,329,390,-,runtime-service
services/execution_sidecar/main.py,main,function,top-level-or-method,392,561,-,runtime-service
services/execution_sidecar/order_manager.py,OrderManager.__init__,function,top-level-or-method,44,56,-,runtime-service
services/execution_sidecar/order_manager.py,OrderManager._pause_entries,function,top-level-or-method,60,75,-,runtime-service
services/execution_sidecar/order_manager.py,OrderManager._request_fresh_screening,function,top-level-or-method,78,96,-,runtime-service
services/execution_sidecar/order_manager.py,OrderManager._fresh_screening_result,function,top-level-or-method,98,139,-,runtime-service
services/execution_sidecar/order_manager.py,OrderManager.process_signal,function,top-level-or-method,141,242,-,runtime-service
services/execution_sidecar/order_manager.py,OrderManager.move,function,top-level-or-method,245,252,staticmethod,runtime-service
services/execution_sidecar/order_manager.py,OrderManager.reject,function,top-level-or-method,254,260,-,runtime-service
services/execution_sidecar/package_mode.py,load_package_mode,function,top-level-or-method,45,60,-,runtime-service
services/execution_sidecar/package_mode.py,enforce_package_mode,function,top-level-or-method,63,84,-,runtime-service
services/execution_sidecar/package_mode.py,enforce_sharia_gate_mode,function,top-level-or-method,87,101,-,runtime-service
services/execution_sidecar/protection_modes.py,OrderRequestFactory.__init__,function,top-level-or-method,7,7,-,runtime-service
services/execution_sidecar/protection_modes.py,OrderRequestFactory.pending_qty,function,top-level-or-method,9,17,-,runtime-service
services/execution_sidecar/protection_modes.py,OrderRequestFactory.entry,function,top-level-or-method,19,41,-,runtime-service
services/execution_sidecar/protection_modes.py,OrderRequestFactory.existing,function,top-level-or-method,43,62,-,runtime-service
services/execution_sidecar/reconciler.py,reconcile,function,top-level-or-method,5,17,-,runtime-service
services/execution_sidecar/risk_checks.py,FreshSignalGuard.__init__,function,top-level-or-method,29,52,-,runtime-service
services/execution_sidecar/risk_checks.py,FreshSignalGuard._dt,function,top-level-or-method,55,59,staticmethod,runtime-service
services/execution_sidecar/risk_checks.py,FreshSignalGuard._day,function,top-level-or-method,62,63,staticmethod,runtime-service
services/execution_sidecar/risk_checks.py,FreshSignalGuard._save,function,top-level-or-method,65,69,-,runtime-service
services/execution_sidecar/risk_checks.py,FreshSignalGuard.set_global_pause,function,top-level-or-method,71,74,-,runtime-service
services/execution_sidecar/risk_checks.py,FreshSignalGuard.clear_global_pause,function,top-level-or-method,76,79,-,runtime-service
services/execution_sidecar/risk_checks.py,FreshSignalGuard.allow,function,top-level-or-method,81,137,-,runtime-service
services/execution_sidecar/risk_checks.py,FreshSignalGuard.record,function,top-level-or-method,139,148,-,runtime-service
services/execution_sidecar/risk_checks.py,FreshSignalGuard.record_stopout,function,top-level-or-method,150,166,-,runtime-service
services/execution_sidecar/risk_checks.py,FreshSignalGuard._classify_protective_exit,function,top-level-or-method,168,192,-,runtime-service
services/execution_sidecar/risk_checks.py,FreshSignalGuard.on_exchange_event,function,top-level-or-method,194,207,-,runtime-service
services/execution_sidecar/simulation_adapter.py,_SimTrader.__init__,function,top-level-or-method,30,31,-,runtime-service
services/execution_sidecar/simulation_adapter.py,_SimTrader.is_running,function,top-level-or-method,33,34,-,runtime-service
services/execution_sidecar/simulation_adapter.py,SimulationAdapter.__init__,function,top-level-or-method,38,47,-,runtime-service
services/execution_sidecar/simulation_adapter.py,SimulationAdapter.start,function,top-level-or-method,50,53,-,runtime-service
services/execution_sidecar/simulation_adapter.py,SimulationAdapter.set_enabled,function,top-level-or-method,55,56,-,runtime-service
services/execution_sidecar/simulation_adapter.py,SimulationAdapter._next_fault,function,top-level-or-method,58,67,-,runtime-service
services/execution_sidecar/simulation_adapter.py,SimulationAdapter._emit,function,top-level-or-method,69,74,-,runtime-service
services/execution_sidecar/simulation_adapter.py,SimulationAdapter._link_trade,function,top-level-or-method,76,81,-,runtime-service
services/execution_sidecar/simulation_adapter.py,SimulationAdapter.submit,function,top-level-or-method,83,140,-,runtime-service
services/execution_sidecar/simulation_adapter.py,SimulationAdapter.status,function,top-level-or-method,143,148,-,runtime-service
services/execution_sidecar/simulation_adapter.py,SimulationAdapter.positions,function,top-level-or-method,150,151,-,runtime-service
services/execution_sidecar/simulation_adapter.py,SimulationAdapter.balance,function,top-level-or-method,153,155,-,runtime-service
services/execution_sidecar/simulation_adapter.py,SimulationAdapter.profit,function,top-level-or-method,157,159,-,runtime-service
services/execution_sidecar/simulation_adapter.py,SimulationAdapter.restart_user_stream,function,top-level-or-method,161,162,-,runtime-service
services/execution_sidecar/simulation_adapter.py,SimulationAdapter.reload_sharia,function,top-level-or-method,164,165,-,runtime-service
services/execution_sidecar/simulation_adapter.py,SimulationAdapter.set_size,function,top-level-or-method,167,171,-,runtime-service
services/execution_sidecar/simulation_adapter.py,SimulationAdapter.set_max,function,top-level-or-method,173,177,-,runtime-service
services/execution_sidecar/simulation_adapter.py,SimulationAdapter.emergency_exit,function,top-level-or-method,179,194,-,runtime-service
services/execution_sidecar/simulation_adapter.py,SimulationAdapter.convert,function,top-level-or-method,196,210,-,runtime-service
services/execution_sidecar/simulation_adapter.py,SimulationAdapter.mirror_positions,function,top-level-or-method,212,217,-,runtime-service
services/execution_sidecar/simulation_adapter.py,SimulationAdapter.verified_reconcile,function,top-level-or-method,219,223,-,runtime-service
services/execution_sidecar/simulation_adapter.py,SimulationAdapter.reconcile,function,top-level-or-method,225,226,-,runtime-service
services/execution_sidecar/state_store.py,StateStore.__init__,function,top-level-or-method,81,114,-,runtime-service
services/execution_sidecar/state_store.py,StateStore._read_legacy_json,function,top-level-or-method,117,127,staticmethod,runtime-service
services/execution_sidecar/state_store.py,StateStore._canonical_json,function,top-level-or-method,130,131,staticmethod,runtime-service
services/execution_sidecar/state_store.py,StateStore._validate_mapping,function,top-level-or-method,134,137,staticmethod,runtime-service
services/execution_sidecar/state_store.py,StateStore._migrate_schema,function,top-level-or-method,139,158,-,runtime-service
services/execution_sidecar/state_store.py,StateStore._migration,function,top-level-or-method,160,163,-,runtime-service
services/execution_sidecar/state_store.py,StateStore._replace_mapping_table,function,top-level-or-method,165,174,-,runtime-service
services/execution_sidecar/state_store.py,StateStore._read_mapping_table,function,top-level-or-method,176,189,-,runtime-service
services/execution_sidecar/state_store.py,StateStore._load_or_migrate_safety_state,function,top-level-or-method,191,224,-,runtime-service
services/execution_sidecar/state_store.py,StateStore._mark_durability_fault,function,top-level-or-method,226,229,-,runtime-service
services/execution_sidecar/state_store.py,StateStore._write_safety_state,function,top-level-or-method,231,240,-,runtime-service
services/execution_sidecar/state_store.py,StateStore._verify_integrity,function,top-level-or-method,243,255,staticmethod,runtime-service
services/execution_sidecar/state_store.py,StateStore._connect,function,top-level-or-method,258,265,contextmanager,runtime-service
services/execution_sidecar/state_store.py,StateStore._now,function,top-level-or-method,268,269,staticmethod,runtime-service
services/execution_sidecar/state_store.py,StateStore.save,function,top-level-or-method,271,277,-,runtime-service
services/execution_sidecar/state_store.py,StateStore.get_mode,function,top-level-or-method,279,280,-,runtime-service
services/execution_sidecar/state_store.py,StateStore.set_mode,function,top-level-or-method,282,284,-,runtime-service
services/execution_sidecar/state_store.py,StateStore.entries,function,top-level-or-method,286,287,-,runtime-service
services/execution_sidecar/state_store.py,StateStore.set_entries,function,top-level-or-method,289,300,-,runtime-service
services/execution_sidecar/state_store.py,StateStore.latch_safety,function,top-level-or-method,302,333,-,runtime-service
services/execution_sidecar/state_store.py,StateStore.update_recovery_intent,function,top-level-or-method,335,348,-,runtime-service
services/execution_sidecar/state_store.py,StateStore.resolve_safety,function,top-level-or-method,350,370,-,runtime-service
services/execution_sidecar/state_store.py,StateStore.safety_halts,function,top-level-or-method,372,374,-,runtime-service
services/execution_sidecar/state_store.py,StateStore.load_or_migrate_risk_guard_state,function,top-level-or-method,376,418,-,runtime-service
services/execution_sidecar/state_store.py,StateStore._validate_risk_guard_state,function,top-level-or-method,421,430,classmethod,runtime-service
services/execution_sidecar/state_store.py,StateStore.save_risk_guard_state,function,top-level-or-method,432,449,-,runtime-service
services/execution_sidecar/state_store.py,StateStore.signal_seen,function,top-level-or-method,451,452,-,runtime-service
services/execution_sidecar/state_store.py,StateStore.signal_result,function,top-level-or-method,454,457,-,runtime-service
services/execution_sidecar/state_store.py,StateStore.claim_signal,function,top-level-or-method,459,467,-,runtime-service
services/execution_sidecar/state_store.py,StateStore.record_signal,function,top-level-or-method,469,476,-,runtime-service
services/execution_sidecar/state_store.py,StateStore.command_seen,function,top-level-or-method,478,479,-,runtime-service
services/execution_sidecar/state_store.py,StateStore.command_result,function,top-level-or-method,481,484,-,runtime-service
services/execution_sidecar/state_store.py,StateStore.claim_command,function,top-level-or-method,486,493,-,runtime-service
services/execution_sidecar/state_store.py,StateStore.record_command,function,top-level-or-method,495,501,-,runtime-service
services/execution_sidecar/state_store.py,StateStore.average_entry_price_for_symbol,function,top-level-or-method,503,520,-,runtime-service
services/execution_sidecar/state_store.py,StateStore.backup,function,top-level-or-method,522,540,-,runtime-service
services/execution_sidecar/state_store.py,StateStore.upsert_trade,function,top-level-or-method,542,565,-,runtime-service
services/execution_sidecar/state_store.py,StateStore._symbol_to_pair,function,top-level-or-method,568,570,staticmethod,runtime-service
services/execution_sidecar/state_store.py,StateStore._state_rank,function,top-level-or-method,573,589,staticmethod,runtime-service
services/execution_sidecar/state_store.py,StateStore._active_trade_id,function,top-level-or-method,591,600,-,runtime-service
services/execution_sidecar/state_store.py,StateStore.record_exchange_event,function,top-level-or-method,602,765,-,runtime-service
services/execution_sidecar/state_store.py,StateStore.mirror_legacy_position,function,top-level-or-method,767,895,-,runtime-service
services/execution_sidecar/user_data_stream.py,ModernUserDataStream.__init__,function,top-level-or-method,35,55,-,runtime-service
services/execution_sidecar/user_data_stream.py,ModernUserDataStream._write_health,function,top-level-or-method,57,73,-,runtime-service
services/execution_sidecar/user_data_stream.py,ModernUserDataStream.endpoint,function,top-level-or-method,76,81,property,runtime-service
services/execution_sidecar/user_data_stream.py,ModernUserDataStream._credentials,function,top-level-or-method,84,89,staticmethod,runtime-service
services/execution_sidecar/user_data_stream.py,ModernUserDataStream._subscription_request,function,top-level-or-method,91,105,-,runtime-service
services/execution_sidecar/user_data_stream.py,ModernUserDataStream._on_open,function,top-level-or-method,107,119,-,runtime-service
services/execution_sidecar/user_data_stream.py,ModernUserDataStream._dispatch_event,function,top-level-or-method,121,145,-,runtime-service
services/execution_sidecar/user_data_stream.py,ModernUserDataStream._close_socket,function,top-level-or-method,147,157,-,runtime-service
services/execution_sidecar/user_data_stream.py,ModernUserDataStream._on_message,function,top-level-or-method,159,193,-,runtime-service
services/execution_sidecar/user_data_stream.py,ModernUserDataStream._on_pong,function,top-level-or-method,195,197,-,runtime-service
services/execution_sidecar/user_data_stream.py,ModernUserDataStream._on_error,function,top-level-or-method,199,205,-,runtime-service
services/execution_sidecar/user_data_stream.py,ModernUserDataStream._on_close,function,top-level-or-method,207,215,-,runtime-service
services/execution_sidecar/user_data_stream.py,ModernUserDataStream._schedule_reconnect,function,top-level-or-method,217,241,-,runtime-service
services/execution_sidecar/user_data_stream.py,ModernUserDataStream._schedule_reconnect.reconnect,function,nested,231,236,-,runtime-service
services/execution_sidecar/user_data_stream.py,ModernUserDataStream._connect,function,top-level-or-method,243,268,-,runtime-service
services/execution_sidecar/user_data_stream.py,ModernUserDataStream.start,function,top-level-or-method,270,276,-,runtime-service
services/execution_sidecar/user_data_stream.py,ModernUserDataStream.stop,function,top-level-or-method,278,284,-,runtime-service
services/sharia_egress_proxy/server.py,canonical_target,function,top-level-or-method,37,65,-,runtime-service
services/sharia_egress_proxy/server.py,resolve_public,function,top-level-or-method,68,91,-,runtime-service
services/sharia_egress_proxy/server.py,connect_pinned,function,top-level-or-method,94,107,-,runtime-service
services/sharia_egress_proxy/server.py,_relay,function,top-level-or-method,110,125,-,runtime-service
services/sharia_egress_proxy/server.py,ConnectHandler._reply,function,top-level-or-method,131,133,-,runtime-service
services/sharia_egress_proxy/server.py,ConnectHandler.handle,function,top-level-or-method,135,174,-,runtime-service
services/sharia_egress_proxy/server.py,main,function,top-level-or-method,183,189,-,runtime-service
services/sharia_retriever/retriever.py,_TextExtractor.__init__,function,top-level-or-method,102,105,-,runtime-service
services/sharia_retriever/retriever.py,_TextExtractor._block_boundary,function,top-level-or-method,107,109,-,runtime-service
services/sharia_retriever/retriever.py,_TextExtractor.handle_starttag,function,top-level-or-method,111,120,-,runtime-service
services/sharia_retriever/retriever.py,_TextExtractor.handle_startendtag,function,top-level-or-method,122,123,-,runtime-service
services/sharia_retriever/retriever.py,_TextExtractor.handle_endtag,function,top-level-or-method,125,136,-,runtime-service
services/sharia_retriever/retriever.py,_TextExtractor.handle_data,function,top-level-or-method,138,140,-,runtime-service
services/sharia_retriever/retriever.py,_TextExtractor.text,function,top-level-or-method,142,154,-,runtime-service
services/sharia_retriever/retriever.py,html_to_text,function,top-level-or-method,157,171,-,runtime-service
services/sharia_retriever/retriever.py,pdf_to_text,function,top-level-or-method,174,209,-,runtime-service
services/sharia_retriever/retriever.py,_canonical_host,function,top-level-or-method,212,223,-,runtime-service
services/sharia_retriever/retriever.py,classify_tier,function,top-level-or-method,226,240,-,runtime-service
services/sharia_retriever/retriever.py,FetchResult.ok,function,top-level-or-method,256,257,property,runtime-service
services/sharia_retriever/retriever.py,FetchResult.as_evidence_record,function,top-level-or-method,259,272,-,runtime-service
services/sharia_retriever/retriever.py,_addresses_for,function,top-level-or-method,275,293,-,runtime-service
services/sharia_retriever/retriever.py,connected_peer_address,function,top-level-or-method,296,323,-,runtime-service
services/sharia_retriever/retriever.py,assert_peer_is_public,function,top-level-or-method,326,348,-,runtime-service
services/sharia_retriever/retriever.py,assert_fetchable,function,top-level-or-method,351,388,-,runtime-service
services/sharia_retriever/retriever.py,_same_redirect_origin,function,top-level-or-method,391,408,-,runtime-service
services/sharia_retriever/retriever.py,Retriever.__init__,function,top-level-or-method,414,431,-,runtime-service
services/sharia_retriever/retriever.py,Retriever.fetch,function,top-level-or-method,433,555,-,runtime-service
services/sharia_retriever/store.py,EvidenceStore.__init__,function,top-level-or-method,26,27,-,runtime-service
services/sharia_retriever/store.py,EvidenceStore.relative_path,function,top-level-or-method,30,33,staticmethod,runtime-service
services/sharia_retriever/store.py,EvidenceStore._target,function,top-level-or-method,35,42,-,runtime-service
services/sharia_retriever/store.py,EvidenceStore.put,function,top-level-or-method,44,82,-,runtime-service
services/sharia_retriever/store.py,EvidenceStore.verify,function,top-level-or-method,84,92,-,runtime-service
services/sharia_retriever/store.py,EvidenceStore.read,function,top-level-or-method,94,97,-,runtime-service
services/sharia_rules/engine.py,RetrievedDocument.is_tier1,function,top-level-or-method,65,66,property,runtime-service
services/sharia_rules/engine.py,RetrievedDocument.opened,function,top-level-or-method,69,81,property,runtime-service
services/sharia_rules/engine.py,KeywordHit.quote_words,function,top-level-or-method,111,112,property,runtime-service
services/sharia_rules/engine.py,KeywordHit.quote_is_sufficient,function,top-level-or-method,115,117,property,runtime-service
services/sharia_rules/engine.py,RulesFinding.is_tradeable_proposal,function,top-level-or-method,133,134,property,runtime-service
services/sharia_rules/engine.py,_iter_keyword_rules,function,top-level-or-method,137,162,-,runtime-service
services/sharia_rules/engine.py,_sentence_bounds,function,top-level-or-method,165,171,-,runtime-service
services/sharia_rules/engine.py,extract_quote,function,top-level-or-method,174,193,-,runtime-service
services/sharia_rules/engine.py,is_negated,function,top-level-or-method,219,258,-,runtime-service
services/sharia_rules/engine.py,scan_keywords,function,top-level-or-method,261,304,-,runtime-service
services/sharia_rules/engine.py,evaluate_haram_gate,function,top-level-or-method,307,345,-,runtime-service
services/sharia_rules/engine.py,evaluate_green_gate,function,top-level-or-method,348,492,-,runtime-service
services/sharia_rules/engine.py,evaluate_green_gate.claim_is_bound,function,nested,380,407,-,runtime-service
services/sharia_rules/engine.py,evaluate_green_gate.screener_claim_is_bound,function,nested,436,466,-,runtime-service
services/sharia_rules/engine.py,detect_escalations,function,top-level-or-method,495,526,-,runtime-service
services/sharia_rules/engine.py,evaluate,function,top-level-or-method,529,646,-,runtime-service
services/sharia_screener/approval.py,_require,function,top-level-or-method,27,29,-,runtime-service
services/sharia_screener/approval.py,_load_bound_proposal,function,top-level-or-method,32,63,-,runtime-service
services/sharia_screener/approval.py,_green_from_proposal,function,top-level-or-method,66,124,-,runtime-service
services/sharia_screener/approval.py,_rejected_proposal,function,top-level-or-method,127,151,-,runtime-service
services/sharia_screener/approval.py,apply_owner_decision,function,top-level-or-method,154,175,-,runtime-service
services/sharia_screener/bridge.py,_now,function,top-level-or-method,43,44,-,runtime-service
services/sharia_screener/bridge.py,status_skeleton,function,top-level-or-method,47,56,-,runtime-service
services/sharia_screener/bridge.py,_record_expiry,function,top-level-or-method,59,70,-,runtime-service
services/sharia_screener/bridge.py,update_status_projection,function,top-level-or-method,73,118,-,runtime-service
services/sharia_screener/bridge.py,write_screening_outcome,function,top-level-or-method,121,186,-,runtime-service
services/sharia_screener/bridge.py,ensure_status_file_exists,function,top-level-or-method,189,201,-,runtime-service
services/sharia_screener/evidence_binding.py,extracted_text_sha256,function,top-level-or-method,39,41,-,runtime-service
services/sharia_screener/evidence_binding.py,text_blocks,function,top-level-or-method,44,72,-,runtime-service
services/sharia_screener/evidence_binding.py,_context_span,function,top-level-or-method,75,78,-,runtime-service
services/sharia_screener/evidence_binding.py,bind_reviewed_block,function,top-level-or-method,81,128,-,runtime-service
services/sharia_screener/evidence_binding.py,verify_reviewed_block,function,top-level-or-method,131,173,-,runtime-service
services/sharia_screener/local_runner.py,_future_date,function,top-level-or-method,30,31,-,runtime-service
services/sharia_screener/local_runner.py,LocalScreeningRunner.__init__,function,top-level-or-method,45,51,-,runtime-service
services/sharia_screener/local_runner.py,LocalScreeningRunner.available,function,top-level-or-method,53,59,-,runtime-service
services/sharia_screener/local_runner.py,LocalScreeningRunner._claim,function,top-level-or-method,62,83,staticmethod,runtime-service
services/sharia_screener/local_runner.py,LocalScreeningRunner._review_report,function,top-level-or-method,86,197,staticmethod,runtime-service
services/sharia_screener/local_runner.py,LocalScreeningRunner.run,function,top-level-or-method,199,274,-,runtime-service
services/sharia_screener/queue_store.py,QueueStore.__init__,function,top-level-or-method,46,79,-,runtime-service
services/sharia_screener/queue_store.py,QueueStore._connect,function,top-level-or-method,82,89,contextmanager,runtime-service
services/sharia_screener/queue_store.py,QueueStore._now,function,top-level-or-method,92,93,staticmethod,runtime-service
services/sharia_screener/queue_store.py,QueueStore.requeue_running,function,top-level-or-method,95,100,-,runtime-service
services/sharia_screener/queue_store.py,QueueStore._actor,function,top-level-or-method,103,104,staticmethod,runtime-service
services/sharia_screener/queue_store.py,QueueStore.enqueue,function,top-level-or-method,106,127,-,runtime-service
services/sharia_screener/queue_store.py,QueueStore.next_request,function,top-level-or-method,129,170,-,runtime-service
services/sharia_screener/queue_store.py,QueueStore.mark_running,function,top-level-or-method,172,247,-,runtime-service
services/sharia_screener/queue_store.py,QueueStore.mark_done,function,top-level-or-method,249,254,-,runtime-service
services/sharia_screener/queue_store.py,QueueStore.mark_failed,function,top-level-or-method,256,285,-,runtime-service
services/sharia_screener/queue_store.py,QueueStore.has_active_for_base,function,top-level-or-method,287,292,-,runtime-service
services/sharia_screener/queue_store.py,QueueStore.counts,function,top-level-or-method,294,298,-,runtime-service
services/sharia_screener/queue_store.py,QueueStore.completed_today,function,top-level-or-method,300,315,-,runtime-service
services/sharia_screener/queue_store.py,QueueStore.cost_today,function,top-level-or-method,317,332,-,runtime-service
services/sharia_screener/queue_store.py,QueueStore.last_activity_at,function,top-level-or-method,334,350,-,runtime-service
services/sharia_screener/queue_store.py,QueueStore.last,function,top-level-or-method,352,357,-,runtime-service
services/sharia_screener/queue_store.py,QueueStore.recent,function,top-level-or-method,359,365,-,runtime-service
services/sharia_screener/service.py,_quota_settings,function,top-level-or-method,83,104,-,runtime-service
services/sharia_screener/service.py,ShariaScreenerService.__init__,function,top-level-or-method,108,137,-,runtime-service
services/sharia_screener/service.py,ShariaScreenerService.ingest_owner_decisions,function,top-level-or-method,140,190,-,runtime-service
services/sharia_screener/service.py,ShariaScreenerService.ingest_requests,function,top-level-or-method,192,228,-,runtime-service
services/sharia_screener/service.py,ShariaScreenerService._spot_usdt_bases,function,top-level-or-method,230,236,-,runtime-service
services/sharia_screener/service.py,ShariaScreenerService._enqueue_bulk_all,function,top-level-or-method,238,252,-,runtime-service
services/sharia_screener/service.py,ShariaScreenerService._pair_eligible,function,top-level-or-method,255,270,-,runtime-service
services/sharia_screener/service.py,ShariaScreenerService._mark_failed,function,top-level-or-method,273,285,-,runtime-service
services/sharia_screener/service.py,ShariaScreenerService.process_request,function,top-level-or-method,287,406,-,runtime-service
services/sharia_screener/service.py,ShariaScreenerService._throttled_next,function,top-level-or-method,408,429,-,runtime-service
services/sharia_screener/service.py,ShariaScreenerService.idle_enqueue,function,top-level-or-method,432,529,-,runtime-service
services/sharia_screener/service.py,ShariaScreenerService.idle_enqueue.add_candidate,function,nested,453,455,-,runtime-service
services/sharia_screener/service.py,ShariaScreenerService.write_health,function,top-level-or-method,532,569,-,runtime-service
services/sharia_screener/service.py,ShariaScreenerService.run_forever,function,top-level-or-method,571,600,-,runtime-service
services/sharia_screener/service.py,main,function,top-level-or-method,603,628,-,runtime-service
services/sharia_screener/source_discovery.py,_utc,function,top-level-or-method,47,48,-,runtime-service
services/sharia_screener/source_discovery.py,_iso,function,top-level-or-method,51,52,-,runtime-service
services/sharia_screener/source_discovery.py,_parse_time,function,top-level-or-method,55,62,-,runtime-service
services/sharia_screener/source_discovery.py,_safe_https_url,function,top-level-or-method,65,91,-,runtime-service
services/sharia_screener/source_discovery.py,_host,function,top-level-or-method,94,95,-,runtime-service
services/sharia_screener/source_discovery.py,_first_url,function,top-level-or-method,98,107,-,runtime-service
services/sharia_screener/source_discovery.py,_record_digest,function,top-level-or-method,110,114,-,runtime-service
services/sharia_screener/source_discovery.py,_valid_record,function,top-level-or-method,117,126,-,runtime-service
services/sharia_screener/source_discovery.py,_ProviderClient.__init__,function,top-level-or-method,130,139,-,runtime-service
services/sharia_screener/source_discovery.py,_ProviderClient.get,function,top-level-or-method,141,144,-,runtime-service
services/sharia_screener/source_discovery.py,_ProviderClient.state,function,top-level-or-method,146,147,-,runtime-service
services/sharia_screener/source_discovery.py,CoinGeckoSourceClient.__init__,function,top-level-or-method,151,156,-,runtime-service
services/sharia_screener/source_discovery.py,CoinGeckoSourceClient._headers,function,top-level-or-method,158,159,-,runtime-service
services/sharia_screener/source_discovery.py,CoinGeckoSourceClient.coin_list,function,top-level-or-method,161,172,-,runtime-service
services/sharia_screener/source_discovery.py,CoinGeckoSourceClient.details,function,top-level-or-method,174,183,-,runtime-service
services/sharia_screener/source_discovery.py,CoinGeckoSourceClient.exchange_tickers,function,top-level-or-method,185,213,-,runtime-service
services/sharia_screener/source_discovery.py,CoinGeckoSourceClient._binance_market_ids,function,top-level-or-method,216,229,staticmethod,runtime-service
services/sharia_screener/source_discovery.py,CoinGeckoSourceClient.discover,function,top-level-or-method,231,278,-,runtime-service
services/sharia_screener/source_discovery.py,CoinMarketCapSourceClient.__init__,function,top-level-or-method,282,286,-,runtime-service
services/sharia_screener/source_discovery.py,CoinMarketCapSourceClient._headers,function,top-level-or-method,288,289,-,runtime-service
services/sharia_screener/source_discovery.py,CoinMarketCapSourceClient._data,function,top-level-or-method,292,298,staticmethod,runtime-service
services/sharia_screener/source_discovery.py,CoinMarketCapSourceClient.discover,function,top-level-or-method,300,342,-,runtime-service
services/sharia_screener/source_discovery.py,SourceDiscovery.__init__,function,top-level-or-method,348,385,-,runtime-service
services/sharia_screener/source_discovery.py,SourceDiscovery._current_path,function,top-level-or-method,387,388,-,runtime-service
services/sharia_screener/source_discovery.py,SourceDiscovery._cached,function,top-level-or-method,390,398,-,runtime-service
services/sharia_screener/source_discovery.py,SourceDiscovery._persist,function,top-level-or-method,400,408,-,runtime-service
services/sharia_screener/source_discovery.py,SourceDiscovery.write_universe_index,function,top-level-or-method,410,479,-,runtime-service
services/sharia_screener/source_discovery.py,SourceDiscovery._prune,function,top-level-or-method,481,506,-,runtime-service
services/sharia_screener/source_discovery.py,SourceDiscovery.ensure,function,top-level-or-method,508,579,-,runtime-service
services/sharia_screener/source_discovery.py,SourceDiscovery.stats,function,top-level-or-method,581,607,-,runtime-service
services/sharia_screener/source_registry.py,_sha256,function,top-level-or-method,29,33,-,runtime-service
services/sharia_screener/source_registry.py,_offset,function,top-level-or-method,36,39,-,runtime-service
services/sharia_screener/source_registry.py,_host,function,top-level-or-method,42,50,-,runtime-service
services/sharia_screener/source_registry.py,_official_host,function,top-level-or-method,53,67,-,runtime-service
services/sharia_screener/source_registry.py,SourceRegistry.__init__,function,top-level-or-method,78,79,-,runtime-service
services/sharia_screener/source_registry.py,SourceRegistry.load,function,top-level-or-method,81,92,-,runtime-service
services/sharia_screener/source_registry.py,SourceRegistry.asset,function,top-level-or-method,94,240,-,runtime-service
services/sharia_screener/verdict_policy.py,_permitted_identifier_tokens,function,top-level-or-method,95,102,-,runtime-service
services/sharia_screener/verdict_policy.py,_subject_is_a_plain_noun_phrase,function,top-level-or-method,105,142,-,runtime-service
services/sharia_screener/verdict_policy.py,_normalize,function,top-level-or-method,145,150,-,runtime-service
services/sharia_screener/verdict_policy.py,canonical_screener_verdict,function,top-level-or-method,153,156,-,runtime-service
services/sharia_screener/verdict_policy.py,positive_verdict_conflict,function,top-level-or-method,159,196,-,runtime-service
services/sharia_screener/verdict_policy.py,_sentence_spans,function,top-level-or-method,228,247,-,runtime-service
services/sharia_screener/verdict_policy.py,containing_contexts,function,top-level-or-method,250,275,-,runtime-service
services/sharia_screener/verdict_policy.py,containing_sentence,function,top-level-or-method,278,286,-,runtime-service
services/sharia_screener/verdict_policy.py,quote_conflict_in_source,function,top-level-or-method,289,315,-,runtime-service
services/telegram_broker/authorization.py,is_owner,function,top-level-or-method,5,8,-,runtime-service
services/telegram_broker/bot.py,_redact_secrets,function,top-level-or-method,47,62,-,runtime-service
services/telegram_broker/bot.py,_release_label,function,top-level-or-method,65,73,-,runtime-service
services/telegram_broker/bot.py,send,function,top-level-or-method,94,105,-,runtime-service
services/telegram_broker/bot.py,_load_alert_delivery_state,function,top-level-or-method,108,118,-,runtime-service
services/telegram_broker/bot.py,_quarantine_alert,function,top-level-or-method,121,144,-,runtime-service
services/telegram_broker/bot.py,_alert_outbox_health,function,top-level-or-method,147,166,-,runtime-service
services/telegram_broker/bot.py,deliver_sidecar_notifications,function,top-level-or-method,169,242,-,runtime-service
services/telegram_broker/bot.py,sidecar_command,function,top-level-or-method,245,268,-,runtime-service
services/telegram_broker/bot.py,ft_call,function,top-level-or-method,271,283,-,runtime-service
services/telegram_broker/bot.py,confirm_button,function,top-level-or-method,286,289,-,runtime-service
services/telegram_broker/bot.py,normalize_pair_input,function,top-level-or-method,293,307,-,runtime-service
services/telegram_broker/bot.py,sharia_scan_request,function,top-level-or-method,310,326,-,runtime-service
services/telegram_broker/bot.py,sharia_owner_decision,function,top-level-or-method,329,357,-,runtime-service
services/telegram_broker/bot.py,_sharia_service_status,function,top-level-or-method,360,416,-,runtime-service
services/telegram_broker/bot.py,_universe_status,function,top-level-or-method,419,435,-,runtime-service
services/telegram_broker/bot.py,_latest_sharia_report,function,top-level-or-method,438,465,-,runtime-service
services/telegram_broker/bot.py,_latest_local_review_card,function,top-level-or-method,468,555,-,runtime-service
services/telegram_broker/bot.py,menu,function,top-level-or-method,558,593,-,runtime-service
services/telegram_broker/bot.py,help_text,function,top-level-or-method,596,606,-,runtime-service
services/telegram_broker/bot.py,_latest_signal,function,top-level-or-method,609,616,-,runtime-service
services/telegram_broker/bot.py,_tail_audit,function,top-level-or-method,619,624,-,runtime-service
services/telegram_broker/bot.py,_settings,function,top-level-or-method,627,643,-,runtime-service
services/telegram_broker/bot.py,_validation_status,function,top-level-or-method,646,651,-,runtime-service
services/telegram_broker/bot.py,_backtest_status,function,top-level-or-method,654,668,-,runtime-service
services/telegram_broker/bot.py,route,function,top-level-or-method,671,747,-,runtime-service
services/telegram_broker/bot.py,_confirm_action,function,top-level-or-method,750,780,-,runtime-service
services/telegram_broker/bot.py,_ask_confirm,function,top-level-or-method,783,785,-,runtime-service
services/telegram_broker/bot.py,handle_message,function,top-level-or-method,788,873,-,runtime-service
services/telegram_broker/bot.py,handle_callback,function,top-level-or-method,876,899,-,runtime-service
services/telegram_broker/bot.py,_load_offset,function,top-level-or-method,902,917,-,runtime-service
services/telegram_broker/bot.py,_store_offset,function,top-level-or-method,920,921,-,runtime-service
services/telegram_broker/bot.py,_claim_update,function,top-level-or-method,924,944,-,runtime-service
services/telegram_broker/bot.py,main,function,top-level-or-method,947,993,-,runtime-service
services/telegram_broker/callbacks.py,CallbackStore.__init__,function,top-level-or-method,5,6,-,runtime-service
services/telegram_broker/callbacks.py,CallbackStore._cleanup,function,top-level-or-method,8,10,-,runtime-service
services/telegram_broker/callbacks.py,CallbackStore.issue,function,top-level-or-method,12,17,-,runtime-service
services/telegram_broker/callbacks.py,CallbackStore.consume,function,top-level-or-method,19,31,-,runtime-service
services/universe_service/external_signals/breaker.py,CircuitBreaker.__init__,function,top-level-or-method,29,40,-,runtime-service
services/universe_service/external_signals/breaker.py,CircuitBreaker._load_state,function,top-level-or-method,42,65,-,runtime-service
services/universe_service/external_signals/breaker.py,CircuitBreaker._persist,function,top-level-or-method,67,77,-,runtime-service
services/universe_service/external_signals/breaker.py,CircuitBreaker.allows,function,top-level-or-method,79,80,-,runtime-service
services/universe_service/external_signals/breaker.py,CircuitBreaker.record_success,function,top-level-or-method,82,85,-,runtime-service
services/universe_service/external_signals/breaker.py,CircuitBreaker.record_failure,function,top-level-or-method,87,96,-,runtime-service
services/universe_service/external_signals/breaker.py,CircuitBreaker.state,function,top-level-or-method,98,105,-,runtime-service
services/universe_service/external_signals/budget.py,_utc,function,top-level-or-method,39,40,-,runtime-service
services/universe_service/external_signals/budget.py,ApiBudget.__init__,function,top-level-or-method,52,70,-,runtime-service
services/universe_service/external_signals/budget.py,ApiBudget._validated_state,function,top-level-or-method,74,113,-,runtime-service
services/universe_service/external_signals/budget.py,ApiBudget._adopt,function,top-level-or-method,115,121,-,runtime-service
services/universe_service/external_signals/budget.py,ApiBudget._bak_path,function,top-level-or-method,123,124,-,runtime-service
services/universe_service/external_signals/budget.py,ApiBudget._install_marker_path,function,top-level-or-method,126,127,-,runtime-service
services/universe_service/external_signals/budget.py,ApiBudget._fail_closed,function,top-level-or-method,129,141,-,runtime-service
services/universe_service/external_signals/budget.py,ApiBudget._load_state,function,top-level-or-method,143,184,-,runtime-service
services/universe_service/external_signals/budget.py,ApiBudget._mark_installed,function,top-level-or-method,186,196,-,runtime-service
services/universe_service/external_signals/budget.py,ApiBudget._roll,function,top-level-or-method,200,211,-,runtime-service
services/universe_service/external_signals/budget.py,ApiBudget._persist,function,top-level-or-method,213,222,-,runtime-service
services/universe_service/external_signals/budget.py,ApiBudget.try_acquire,function,top-level-or-method,226,248,-,runtime-service
services/universe_service/external_signals/budget.py,ApiBudget.record_extra,function,top-level-or-method,250,263,-,runtime-service
services/universe_service/external_signals/budget.py,ApiBudget.reconcile_month,function,top-level-or-method,265,291,-,runtime-service
services/universe_service/external_signals/budget.py,ApiBudget.stats,function,top-level-or-method,293,302,-,runtime-service
services/universe_service/external_signals/cmc_client.py,CoinMarketCapClient.__init__,function,top-level-or-method,42,50,-,runtime-service
services/universe_service/external_signals/cmc_client.py,CoinMarketCapClient._headers,function,top-level-or-method,52,53,-,runtime-service
services/universe_service/external_signals/cmc_client.py,CoinMarketCapClient.credit_cost,function,top-level-or-method,55,56,-,runtime-service
services/universe_service/external_signals/cmc_client.py,CoinMarketCapClient._book_actual_credits,function,top-level-or-method,58,72,-,runtime-service
services/universe_service/external_signals/cmc_client.py,CoinMarketCapClient.listings,function,top-level-or-method,74,134,-,runtime-service
services/universe_service/external_signals/cmc_client.py,CoinMarketCapClient.key_info_month_credits_used,function,top-level-or-method,136,174,-,runtime-service
services/universe_service/external_signals/coingecko_client.py,CoinGeckoClient.__init__,function,top-level-or-method,34,43,-,runtime-service
services/universe_service/external_signals/coingecko_client.py,CoinGeckoClient._headers,function,top-level-or-method,45,48,-,runtime-service
services/universe_service/external_signals/coingecko_client.py,CoinGeckoClient.markets,function,top-level-or-method,50,99,-,runtime-service
services/universe_service/external_signals/coingecko_client.py,CoinGeckoClient.trending,function,top-level-or-method,101,117,-,runtime-service
services/universe_service/external_signals/enrichment.py,_env_bool,function,top-level-or-method,95,96,-,runtime-service
services/universe_service/external_signals/enrichment.py,_env_int,function,top-level-or-method,99,106,-,runtime-service
services/universe_service/external_signals/enrichment.py,_clamped_budget,function,top-level-or-method,109,123,-,runtime-service
services/universe_service/external_signals/enrichment.py,ExternalSignals.__init__,function,top-level-or-method,129,202,-,runtime-service
services/universe_service/external_signals/enrichment.py,ExternalSignals.from_env,function,top-level-or-method,207,280,classmethod,runtime-service
services/universe_service/external_signals/enrichment.py,ExternalSignals._normalize_identity_bindings,function,top-level-or-method,285,317,staticmethod,runtime-service
services/universe_service/external_signals/enrichment.py,ExternalSignals._timestamp_age,function,top-level-or-method,320,335,staticmethod,runtime-service
services/universe_service/external_signals/enrichment.py,ExternalSignals._cached_ambiguous,function,top-level-or-method,338,349,staticmethod,runtime-service
services/universe_service/external_signals/enrichment.py,ExternalSignals._provider_age,function,top-level-or-method,351,366,-,runtime-service
services/universe_service/external_signals/enrichment.py,ExternalSignals._provider_data,function,top-level-or-method,368,376,-,runtime-service
services/universe_service/external_signals/enrichment.py,ExternalSignals.refresh_if_stale,function,top-level-or-method,378,393,-,runtime-service
services/universe_service/external_signals/enrichment.py,ExternalSignals._refresh_coingecko,function,top-level-or-method,395,467,-,runtime-service
services/universe_service/external_signals/enrichment.py,ExternalSignals._refresh_cmc,function,top-level-or-method,469,490,-,runtime-service
services/universe_service/external_signals/enrichment.py,ExternalSignals._reconcile_state_path,function,top-level-or-method,492,493,-,runtime-service
services/universe_service/external_signals/enrichment.py,ExternalSignals._maybe_reconcile_cmc,function,top-level-or-method,495,520,-,runtime-service
services/universe_service/external_signals/enrichment.py,ExternalSignals._write_cache,function,top-level-or-method,522,523,-,runtime-service
services/universe_service/external_signals/enrichment.py,ExternalSignals.enrich,function,top-level-or-method,527,572,-,runtime-service
services/universe_service/external_signals/enrichment.py,ExternalSignals._known_cap,function,top-level-or-method,575,581,staticmethod,runtime-service
services/universe_service/external_signals/enrichment.py,ExternalSignals.reject_reason,function,top-level-or-method,583,647,-,runtime-service
services/universe_service/external_signals/enrichment.py,ExternalSignals.config_summary,function,top-level-or-method,651,667,-,runtime-service
services/universe_service/external_signals/enrichment.py,ExternalSignals.status_snapshot,function,top-level-or-method,669,714,-,runtime-service
services/universe_service/external_signals/enrichment.py,ExternalSignals.write_status,function,top-level-or-method,716,720,-,runtime-service
services/universe_service/external_signals/httpguard.py,_retry_after_seconds,function,top-level-or-method,29,35,-,runtime-service
services/universe_service/external_signals/httpguard.py,guarded_get_json,function,top-level-or-method,38,76,-,runtime-service
services/universe_service/external_signals/writer_lock.py,locking_backend,function,top-level-or-method,45,46,-,runtime-service
services/universe_service/external_signals/writer_lock.py,_key,function,top-level-or-method,49,53,-,runtime-service
services/universe_service/external_signals/writer_lock.py,acquire_writer_lease,function,top-level-or-method,56,116,-,runtime-service
services/universe_service/external_signals/writer_lock.py,release_writer_lease,function,top-level-or-method,119,132,-,runtime-service
services/universe_service/ranker.py,_finite_number,function,top-level-or-method,6,13,-,runtime-service
services/universe_service/ranker.py,_identity,function,top-level-or-method,16,21,-,runtime-service
services/universe_service/ranker.py,rank,function,top-level-or-method,24,46,-,runtime-service
services/universe_service/scanner.py,validate_runtime_settings,function,top-level-or-method,31,50,-,runtime-service
services/universe_service/scanner.py,BinancePublic.__init__,function,top-level-or-method,53,55,-,runtime-service
services/universe_service/scanner.py,BinancePublic.get,function,top-level-or-method,57,60,-,runtime-service
services/universe_service/scanner.py,ListingAgeCache.__init__,function,top-level-or-method,64,67,-,runtime-service
services/universe_service/scanner.py,ListingAgeCache.first_trade_ms,function,top-level-or-method,69,83,-,runtime-service
services/universe_service/scanner.py,ListingAgeCache.age_days,function,top-level-or-method,85,87,-,runtime-service
services/universe_service/scanner.py,_basic_filter,function,top-level-or-method,89,115,-,runtime-service
services/universe_service/scanner.py,_canonical_row,function,top-level-or-method,118,119,-,runtime-service
services/universe_service/scanner.py,_exchange_rows,function,top-level-or-method,122,130,-,runtime-service
services/universe_service/scanner.py,_indexed_public_rows,function,top-level-or-method,133,163,-,runtime-service
services/universe_service/scanner.py,_duplicate_identities,function,top-level-or-method,166,186,-,runtime-service
services/universe_service/scanner.py,_finite_decimal,function,top-level-or-method,189,204,-,runtime-service
services/universe_service/scanner.py,_filter_map,function,top-level-or-method,207,232,-,runtime-service
services/universe_service/scanner.py,_validated_filters,function,top-level-or-method,235,283,-,runtime-service
services/universe_service/scanner.py,_deduplicate_rejections,function,top-level-or-method,286,300,-,runtime-service
services/universe_service/scanner.py,scan_once,function,top-level-or-method,302,424,-,runtime-service
services/universe_service/scanner.py,main,function,top-level-or-method,426,438,-,runtime-service
services/universe_service/sharia_filter.py,ShariaFilter.__init__,function,top-level-or-method,55,60,-,runtime-service
services/universe_service/sharia_filter.py,ShariaFilter._parse_dt,function,top-level-or-method,63,68,staticmethod,runtime-service
services/universe_service/sharia_filter.py,ShariaFilter._normalize_symbol,function,top-level-or-method,71,73,staticmethod,runtime-service
services/universe_service/sharia_filter.py,ShariaFilter._verify_controller_binding,function,top-level-or-method,75,87,-,runtime-service
services/universe_service/sharia_filter.py,ShariaFilter._record_binding_error,function,top-level-or-method,89,140,-,runtime-service
services/universe_service/sharia_filter.py,ShariaFilter.reload,function,top-level-or-method,142,195,-,runtime-service
services/universe_service/sharia_filter.py,ShariaFilter.decision,function,top-level-or-method,197,234,-,runtime-service
services/universe_service/sharia_filter.py,ShariaFilter.is_record_verified,function,top-level-or-method,236,238,-,runtime-service
services/universe_service/sharia_filter.py,ShariaFilter.verified_projection_records,function,top-level-or-method,240,247,-,runtime-service
services/universe_service/sharia_filter.py,ShariaFilter.current_halal_symbols,function,top-level-or-method,249,251,-,runtime-service
services/universe_service/sharia_filter.py,ShariaFilter.sync_legacy_compat,function,top-level-or-method,253,266,-,runtime-service
services/universe_service/snapshot_store.py,_hash,function,top-level-or-method,19,23,-,runtime-service
services/universe_service/snapshot_store.py,_snapshot_payload,function,top-level-or-method,26,38,-,runtime-service
services/universe_service/snapshot_store.py,_validate_publication,function,top-level-or-method,41,78,-,runtime-service
services/universe_service/snapshot_store.py,_selection_state,function,top-level-or-method,81,97,-,runtime-service
services/universe_service/snapshot_store.py,_parse_generated_at,function,top-level-or-method,100,109,-,runtime-service
services/universe_service/snapshot_store.py,_safe_snapshot_path,function,top-level-or-method,112,130,-,runtime-service
services/universe_service/snapshot_store.py,load_current,function,top-level-or-method,133,205,-,runtime-service
services/universe_service/snapshot_store.py,_prune_snapshots,function,top-level-or-method,208,228,-,runtime-service
services/universe_service/snapshot_store.py,store,function,top-level-or-method,231,290,-,runtime-service
services/universe_service/validate_sharia.py,validate,function,top-level-or-method,8,51,-,runtime-service
services/universe_service/validate_sharia.py,main,function,top-level-or-method,54,61,-,runtime-service
tests/_harness.py,sign_command,function,top-level-or-method,57,62,-,test
tests/_harness.py,sign_signal,function,top-level-or-method,65,67,-,test
tests/_harness.py,sign_sharia_result,function,top-level-or-method,70,73,-,test
tests/_harness.py,_now_ts,function,top-level-or-method,76,79,-,test
tests/_harness.py,v19_status,function,top-level-or-method,82,103,-,test
tests/_harness.py,green_report,function,top-level-or-method,106,153,-,test
tests/_harness.py,write_attested_status,function,top-level-or-method,156,194,-,test
tests/_harness.py,write_live_evidence,function,top-level-or-method,197,236,-,test
tests/_harness.py,posix_bash,function,top-level-or-method,239,264,-,test
tests/secret_scan.py,_placeholder,function,top-level-or-method,30,32,-,test
tests/secret_scan.py,scan,function,top-level-or-method,35,54,-,test
tests/secret_scan.py,main,function,top-level-or-method,57,62,-,test
tests/test_23e_safety_fixes.py,SpotPermissionFailsClosedTests.test_all_four_consumers_default_to_false,function,top-level-or-method,33,45,-,test
tests/test_23e_safety_fixes.py,SpotPermissionFailsClosedTests.test_universe_scanner_rejects_symbol_without_spot_permission,function,top-level-or-method,47,53,-,test
tests/test_23e_safety_fixes.py,SpotPermissionFailsClosedTests.test_universe_scanner_accepts_explicit_spot_permission,function,top-level-or-method,55,61,-,test
tests/test_23e_safety_fixes.py,UserDataStreamTests._stream,function,top-level-or-method,67,78,-,test
tests/test_23e_safety_fixes.py,UserDataStreamTests.test_balance_update_triggers_reconciliation,function,top-level-or-method,80,83,-,test
tests/test_23e_safety_fixes.py,UserDataStreamTests.test_external_lock_update_triggers_reconciliation,function,top-level-or-method,85,88,-,test
tests/test_23e_safety_fixes.py,UserDataStreamTests.test_outbound_account_position_still_reconciles,function,top-level-or-method,90,93,-,test
tests/test_23e_safety_fixes.py,UserDataStreamTests.test_server_shutdown_closes_the_socket,function,top-level-or-method,95,100,-,test
tests/test_23e_safety_fixes.py,UserDataStreamTests.test_event_stream_terminated_closes_the_socket,function,top-level-or-method,102,105,-,test
tests/test_23e_safety_fixes.py,UserDataStreamTests.test_rejected_subscription_closes_the_socket,function,top-level-or-method,107,123,-,test
tests/test_23e_safety_fixes.py,SidecarHealthReflectsStreamTests.test_simulation_needs_no_exchange_stream,function,top-level-or-method,129,134,-,test
tests/test_23e_safety_fixes.py,SidecarHealthReflectsStreamTests.test_live_requires_connected_subscribed_and_fresh,function,top-level-or-method,136,151,-,test
tests/test_23e_safety_fixes.py,TelegramSecretRedactionTests.test_token_is_redacted_from_exception_text,function,top-level-or-method,157,169,-,test
tests/test_23e_safety_fixes.py,TelegramSecretRedactionTests.test_generic_bot_token_shape_is_redacted_even_if_not_configured,function,top-level-or-method,171,175,-,test
tests/test_23e_safety_fixes.py,ShariaReadinessTests.test_health_is_not_ok_when_screening_api_is_unavailable,function,top-level-or-method,181,186,-,test
tests/test_23e_safety_fixes.py,ShariaReadinessTests.test_provider_and_validation_errors_cannot_strand_a_running_request,function,top-level-or-method,188,196,-,test
tests/test_audit_ledgers.py,AuditLedgerParityTests.test_ledgers_match_the_tree,function,top-level-or-method,16,22,-,test
tests/test_audit_ledgers.py,AuditLedgerParityTests.test_every_shipped_file_is_in_the_file_ledger,function,top-level-or-method,24,37,-,test
tests/test_audit_ledgers.py,AuditLedgerParityTests.test_class_methods_appear_in_the_function_ledger,function,top-level-or-method,39,57,-,test
tests/test_audit_ledgers.py,AuditLedgerParityTests.test_function_ledger_matches_an_independent_ast_walk,function,top-level-or-method,59,98,-,test
tests/test_audit_ledgers.py,AuditLedgerParityTests.test_definitions_nested_in_control_flow_are_collected,function,top-level-or-method,100,150,-,test
tests/test_ci_evidence_status.py,_args,function,top-level-or-method,16,28,-,test
tests/test_ci_evidence_status.py,test_detached_evidence_binds_artifact_and_current_protected_hashes,function,top-level-or-method,31,40,-,test
tests/test_ci_evidence_status.py,test_evidence_rejects_invalid_mode_or_commit,function,top-level-or-method,43,49,-,test
tests/test_ci_evidence_status.py,test_evidence_output_is_valid_json,function,top-level-or-method,52,55,-,test
tests/test_ci_evidence_status.py,test_strategy_probe_and_offline_compose_use_runtime_image_digest,function,top-level-or-method,58,69,-,test
tests/test_codex_revision_j_hardening.py,_symbol,function,top-level-or-method,40,45,-,test
tests/test_codex_revision_j_hardening.py,_position,function,top-level-or-method,48,53,-,test
tests/test_codex_revision_j_hardening.py,_filters,function,top-level-or-method,56,74,-,test
tests/test_codex_revision_j_hardening.py,_Public.__init__,function,top-level-or-method,80,84,-,test
tests/test_codex_revision_j_hardening.py,_Public.exchange_info,function,top-level-or-method,86,92,-,test
tests/test_codex_revision_j_hardening.py,_Public.reference_price,function,top-level-or-method,94,95,-,test
tests/test_codex_revision_j_hardening.py,_Public.ticker_price,function,top-level-or-method,97,98,-,test
tests/test_codex_revision_j_hardening.py,_Public.get,function,top-level-or-method,100,101,-,test
tests/test_codex_revision_j_hardening.py,UniversePointerTests.test_full_snapshot_is_reopened_rehashed_and_pointer_bound,function,top-level-or-method,105,117,-,test
tests/test_codex_revision_j_hardening.py,UniversePointerTests.test_tampered_full_configuration_and_unsafe_filename_fail_closed,function,top-level-or-method,119,135,-,test
tests/test_codex_revision_j_hardening.py,UniversePointerTests.test_retention_never_deletes_the_pointed_snapshot,function,top-level-or-method,137,146,-,test
tests/test_codex_revision_j_hardening.py,UniversePointerTests.test_sidecar_uses_the_validated_full_snapshot,function,top-level-or-method,148,157,-,test
tests/test_codex_revision_j_hardening.py,ShariaProvenanceAndTelegramTests.test_search_result_url_alone_is_not_opened_evidence,function,top-level-or-method,161,165,-,test
tests/test_codex_revision_j_hardening.py,ShariaProvenanceAndTelegramTests.test_haram_proof_url_must_be_provider_evidence_bound,function,top-level-or-method,167,184,-,test
tests/test_codex_revision_j_hardening.py,ShariaProvenanceAndTelegramTests.test_telegram_never_labels_a_forged_record_eligible,function,top-level-or-method,186,208,-,test
tests/test_codex_revision_j_hardening.py,ShariaProvenanceAndTelegramTests.test_telegram_health_requires_ok_and_ready_flags,function,top-level-or-method,210,223,-,test
tests/test_codex_revision_j_hardening.py,FilterSchemaTests._limit_params,function,top-level-or-method,228,230,staticmethod,test
tests/test_codex_revision_j_hardening.py,FilterSchemaTests.test_duplicate_filters_and_symbol_identity_mismatch_fail_closed,function,top-level-or-method,232,243,-,test
tests/test_codex_revision_j_hardening.py,FilterSchemaTests.test_spot_boolean_market_flags_and_percent_ranges_are_strict,function,top-level-or-method,245,266,-,test
tests/test_codex_revision_j_hardening.py,FilterSchemaTests.test_trailing_and_oco_relationships_use_strict_fresh_values,function,top-level-or-method,268,288,-,test
tests/test_codex_revision_j_hardening.py,FilterSchemaTests.test_malformed_capacity_rows_fail_closed,function,top-level-or-method,290,298,-,test
tests/test_codex_revision_j_hardening.py,StreamAndExactPayloadTests._adapter,function,top-level-or-method,302,318,-,test
tests/test_codex_revision_j_hardening.py,StreamAndExactPayloadTests.test_unsafe_expiry_latches_disarms_and_keeps_callback_alive,function,top-level-or-method,320,336,-,test
tests/test_codex_revision_j_hardening.py,StreamAndExactPayloadTests.test_journal_failure_also_disarms_without_killing_callback,function,top-level-or-method,338,352,-,test
tests/test_codex_revision_j_hardening.py,StreamAndExactPayloadTests.test_exact_trailing_payload_is_validated_before_the_only_send,function,top-level-or-method,354,376,-,test
tests/test_codex_revision_j_hardening.py,ComposeOwnershipTests.test_every_universe_consumer_has_a_read_only_overlay,function,top-level-or-method,380,384,-,test
tests/test_external_signals.py,FakeResponse.__init__,function,top-level-or-method,57,60,-,test
tests/test_external_signals.py,FakeResponse.json,function,top-level-or-method,62,65,-,test
tests/test_external_signals.py,FakeSession.__init__,function,top-level-or-method,71,73,-,test
tests/test_external_signals.py,FakeSession.get,function,top-level-or-method,75,83,-,test
tests/test_external_signals.py,make_budget,function,top-level-or-method,86,88,-,test
tests/test_external_signals.py,cg_row,function,top-level-or-method,91,93,-,test
tests/test_external_signals.py,cmc_row,function,top-level-or-method,96,99,-,test
tests/test_external_signals.py,QuotaCeilingTests.test_safe_ceilings_are_96_percent_of_documented_quotas,function,top-level-or-method,105,114,-,test
tests/test_external_signals.py,QuotaCeilingTests.test_overrides_clamp_to_safe_ceiling_not_provider_quota,function,top-level-or-method,116,139,-,test
tests/test_external_signals.py,QuotaCeilingTests.test_lowering_below_ceiling_is_honored,function,top-level-or-method,141,148,-,test
tests/test_external_signals.py,QuotaCeilingTests.test_status_reports_configured_and_effective_limits,function,top-level-or-method,150,158,-,test
tests/test_external_signals.py,QuotaCeilingTests.test_keyless_coingecko_is_clamped_to_shared_ip_budget,function,top-level-or-method,160,165,-,test
tests/test_external_signals.py,QuotaCeilingTests.test_invalid_settings_fail_loudly,function,top-level-or-method,167,182,-,test
tests/test_external_signals.py,ApiBudgetTests.test_minute_window_enforced,function,top-level-or-method,186,193,-,test
tests/test_external_signals.py,ApiBudgetTests.test_minute_window_survives_restart,function,top-level-or-method,195,203,-,test
tests/test_external_signals.py,ApiBudgetTests.test_daily_cap_spreads_month_over_31_days,function,top-level-or-method,205,209,-,test
tests/test_external_signals.py,ApiBudgetTests.test_monthly_cap_and_credit_cost,function,top-level-or-method,211,217,-,test
tests/test_external_signals.py,ApiBudgetTests.test_counters_persist_across_restart,function,top-level-or-method,219,225,-,test
tests/test_external_signals.py,ApiBudgetTests.test_month_rollover_resets_counters,function,top-level-or-method,227,234,-,test
tests/test_external_signals.py,ApiBudgetTests.test_older_state_rolls_over_cleanly,function,top-level-or-method,236,245,-,test
tests/test_external_signals.py,ApiBudgetTests.test_record_extra_books_provider_charges,function,top-level-or-method,247,255,-,test
tests/test_external_signals.py,ApiBudgetTests.test_reconcile_month_only_raises,function,top-level-or-method,257,266,-,test
tests/test_external_signals.py,ApiBudgetTests.test_reconcile_can_exhaust_month,function,top-level-or-method,268,272,-,test
tests/test_external_signals.py,BudgetCorruptionTests._audit_env,function,top-level-or-method,278,280,-,test
tests/test_external_signals.py,BudgetCorruptionTests.test_invalid_json_quarantines_and_fails_closed,function,top-level-or-method,282,293,-,test
tests/test_external_signals.py,BudgetCorruptionTests.test_negative_counts_and_future_month_are_corruption,function,top-level-or-method,295,313,-,test
tests/test_external_signals.py,BudgetCorruptionTests.test_corruption_always_fails_closed_even_with_valid_backup,function,top-level-or-method,315,328,-,test
tests/test_external_signals.py,BudgetCorruptionTests.test_missing_ledger_with_install_marker_fails_closed,function,top-level-or-method,330,340,-,test
tests/test_external_signals.py,BudgetCorruptionTests.test_true_first_install_starts_at_zero,function,top-level-or-method,342,347,-,test
tests/test_external_signals.py,BudgetCorruptionTests.test_documented_manual_reset_clears_state,function,top-level-or-method,349,358,-,test
tests/test_external_signals.py,BudgetCorruptionTests.test_quarantine_persists_across_restart,function,top-level-or-method,360,367,-,test
tests/test_external_signals.py,BudgetCorruptionTests.test_provider_reconciliation_recovers_from_quarantine,function,top-level-or-method,369,378,-,test
tests/test_external_signals.py,CircuitBreakerTests.test_opens_after_threshold_and_recovers,function,top-level-or-method,382,391,-,test
tests/test_external_signals.py,CircuitBreakerTests.test_cooldown_override_opens_immediately,function,top-level-or-method,393,397,-,test
tests/test_external_signals.py,CircuitBreakerTests.test_cooldown_survives_restart,function,top-level-or-method,399,407,-,test
tests/test_external_signals.py,CircuitBreakerTests.test_expired_cooldown_allows_probe_after_restart,function,top-level-or-method,409,416,-,test
tests/test_external_signals.py,CircuitBreakerTests.test_corrupt_breaker_state_fails_closed,function,top-level-or-method,418,423,-,test
tests/test_external_signals.py,CircuitBreakerTests.test_success_clears_persisted_state,function,top-level-or-method,425,432,-,test
tests/test_external_signals.py,HttpGuardTests._run,function,top-level-or-method,436,439,-,test
tests/test_external_signals.py,HttpGuardTests.test_budget_refusal_prevents_the_http_call,function,top-level-or-method,441,447,-,test
tests/test_external_signals.py,HttpGuardTests.test_none_budget_skips_the_budget_gate_only,function,top-level-or-method,449,455,-,test
tests/test_external_signals.py,HttpGuardTests.test_429_honors_retry_after_and_opens_breaker,function,top-level-or-method,457,466,-,test
tests/test_external_signals.py,HttpGuardTests.test_huge_retry_after_is_capped,function,top-level-or-method,468,473,-,test
tests/test_external_signals.py,HttpGuardTests.test_auth_error_backs_off_for_hours,function,top-level-or-method,475,480,-,test
tests/test_external_signals.py,HttpGuardTests.test_transient_errors_open_after_threshold,function,top-level-or-method,482,494,-,test
tests/test_external_signals.py,HttpGuardTests.test_success_returns_payload_and_resets,function,top-level-or-method,496,503,-,test
tests/test_external_signals.py,CoinGeckoClientTests._client,function,top-level-or-method,507,510,-,test
tests/test_external_signals.py,CoinGeckoClientTests.test_markets_carries_stable_ids_and_merges_pages,function,top-level-or-method,512,523,-,test
tests/test_external_signals.py,CoinGeckoClientTests.test_same_symbol_different_id_is_ambiguous_and_excluded,function,top-level-or-method,525,535,-,test
tests/test_external_signals.py,CoinGeckoClientTests.test_same_symbol_same_id_is_pagination_overlap_not_ambiguity,function,top-level-or-method,537,545,-,test
tests/test_external_signals.py,CoinGeckoClientTests.test_trending_parses_and_dedupes,function,top-level-or-method,547,552,-,test
tests/test_external_signals.py,CoinGeckoClientTests.test_total_failure_returns_none,function,top-level-or-method,554,557,-,test
tests/test_external_signals.py,CoinMarketCapClientTests._client,function,top-level-or-method,561,565,-,test
tests/test_external_signals.py,CoinMarketCapClientTests.test_requires_key_and_counts_credits,function,top-level-or-method,567,578,-,test
tests/test_external_signals.py,CoinMarketCapClientTests.test_listings_parse_ids_momentum_and_ambiguity,function,top-level-or-method,580,592,-,test
tests/test_external_signals.py,CoinMarketCapClientTests.test_actual_credit_count_above_estimate_is_booked,function,top-level-or-method,594,601,-,test
tests/test_external_signals.py,CoinMarketCapClientTests.test_malformed_credit_count_keeps_conservative_estimate,function,top-level-or-method,603,613,-,test
tests/test_external_signals.py,CoinMarketCapClientTests.test_lower_credit_count_never_refunds,function,top-level-or-method,615,621,-,test
tests/test_external_signals.py,CoinMarketCapClientTests.test_inband_error_is_a_failure,function,top-level-or-method,623,630,-,test
tests/test_external_signals.py,CoinMarketCapClientTests.test_key_info_parses_usage_and_books_cost,function,top-level-or-method,632,638,-,test
tests/test_external_signals.py,CoinMarketCapClientTests.test_key_info_malformed_returns_none,function,top-level-or-method,640,652,-,test
tests/test_external_signals.py,CoinMarketCapClientTests.test_key_info_runs_even_when_budget_quarantined,function,top-level-or-method,654,663,-,test
tests/test_external_signals.py,CoinMarketCapClientTests.test_key_info_skips_when_healthy_budget_at_cap,function,top-level-or-method,665,676,-,test
tests/test_external_signals.py,EnrichmentTests._env,function,top-level-or-method,680,685,-,test
tests/test_external_signals.py,EnrichmentTests._seed_cache,function,top-level-or-method,687,728,-,test
tests/test_external_signals.py,EnrichmentTests.test_disabled_features_make_zero_calls_and_empty_annotations,function,top-level-or-method,730,741,-,test
tests/test_external_signals.py,EnrichmentTests.test_cmc_enabled_without_key_stays_disabled,function,top-level-or-method,743,749,-,test
tests/test_external_signals.py,EnrichmentTests.test_fresh_cache_suppresses_refetch,function,top-level-or-method,751,759,-,test
tests/test_external_signals.py,EnrichmentTests.test_stale_cache_triggers_refetch_and_failure_keeps_previous_data,function,top-level-or-method,761,780,-,test
tests/test_external_signals.py,EnrichmentTests.test_trending_success_cannot_rejuvenate_failed_markets,function,top-level-or-method,782,811,-,test
tests/test_external_signals.py,EnrichmentTests.test_markets_success_cannot_rejuvenate_failed_trending,function,top-level-or-method,813,838,-,test
tests/test_external_signals.py,EnrichmentTests.test_future_cache_timestamps_are_rejected,function,top-level-or-method,840,859,-,test
tests/test_external_signals.py,EnrichmentTests.test_cached_ambiguous_symbols_are_enforced_at_consumption,function,top-level-or-method,861,882,-,test
tests/test_external_signals.py,EnrichmentTests.test_data_beyond_stale_window_is_discarded,function,top-level-or-method,884,891,-,test
tests/test_external_signals.py,EnrichmentTests.test_enrich_includes_ids_and_trending_flags,function,top-level-or-method,893,905,-,test
tests/test_external_signals.py,EnrichmentTests.test_floor_requires_verified_canonical_three_way_binding,function,top-level-or-method,907,948,-,test
tests/test_external_signals.py,EnrichmentTests.test_floor_disabled_or_single_provider_never_rejects,function,top-level-or-method,950,959,-,test
tests/test_external_signals.py,EnrichmentTests.test_cmc_reconciliation_is_interval_limited_and_raises_ledger,function,top-level-or-method,961,980,-,test
tests/test_external_signals.py,EnrichmentTests.test_status_file_written_with_ceilings,function,top-level-or-method,982,996,-,test
tests/test_external_signals.py,_symbol_info,function,top-level-or-method,1003,1016,-,test
tests/test_external_signals.py,FakeBinancePublic.__init__,function,top-level-or-method,1022,1023,-,test
tests/test_external_signals.py,FakeBinancePublic.get,function,top-level-or-method,1025,1041,-,test
tests/test_external_signals.py,ScannerIntegrationTests._run_scan,function,top-level-or-method,1047,1073,-,test
tests/test_external_signals.py,ScannerIntegrationTests._seed_external_cache,function,top-level-or-method,1075,1101,-,test
tests/test_external_signals.py,ScannerIntegrationTests.test_scan_with_signals_disabled_matches_previous_shape,function,top-level-or-method,1103,1112,-,test
tests/test_external_signals.py,ScannerIntegrationTests.test_enabled_signals_annotate_without_reordering,function,top-level-or-method,1114,1132,-,test
tests/test_external_signals.py,ScannerIntegrationTests.test_market_cap_floor_is_advisory_without_canonical_binding,function,top-level-or-method,1134,1150,-,test
tests/test_external_signals.py,ScannerIntegrationTests.test_floor_without_cmc_never_rejects,function,top-level-or-method,1152,1160,-,test
tests/test_external_signals.py,ScannerIntegrationTests.test_scan_survives_read_only_sharia_mount,function,top-level-or-method,1162,1172,-,test
tests/test_external_signals.py,WriterLeaseTests._env,function,top-level-or-method,1179,1182,-,test
tests/test_external_signals.py,WriterLeaseTests.test_lease_is_acquired_and_reentrant_within_one_process,function,top-level-or-method,1184,1199,-,test
tests/test_external_signals.py,WriterLeaseTests.test_second_process_holding_the_lease_disables_enrichment,function,top-level-or-method,1201,1215,-,test
tests/test_external_signals.py,WriterLeaseTests.test_posix_lock_actually_excludes_a_foreign_holder,function,top-level-or-method,1221,1235,"unittest.skipUnless(__import__('services.universe_service.external_signals.writer_lock', fromlist=['locking_backend']).locking_backend() == 'fcntl', 'POSIX advisory locking not available on this host')",test
tests/test_external_signals.py,WriterLeaseTests.test_mkdir_failure_fails_closed_and_disables_enrichment,function,top-level-or-method,1237,1262,-,test
tests/test_external_signals.py,WriterLeaseTests.test_mkdir_failure_fails_closed_and_disables_enrichment.deny_external_dir,function,nested,1247,1250,-,test
tests/test_external_signals.py,WriterLeaseTests.test_open_failure_fails_closed_and_disables_enrichment,function,top-level-or-method,1264,1292,-,test
tests/test_external_signals.py,WriterLeaseTests.test_open_failure_fails_closed_and_disables_enrichment.deny_lease_open,function,nested,1271,1274,-,test
tests/test_external_signals.py,WriterLeaseTests.test_open_failure_fails_closed_and_disables_enrichment.deny_lease_write,function,nested,1276,1279,-,test
tests/test_external_signals.py,WriterLeaseTests.test_disabled_providers_do_not_take_a_lease,function,top-level-or-method,1294,1300,-,test
tests/test_external_signals.py,SingleWriterInvariantTests.test_external_provider_guards_have_only_two_bounded_consumers,function,top-level-or-method,1309,1331,-,test
tests/test_external_validation_evidence.py,_valid,function,top-level-or-method,20,38,-,test
tests/test_external_validation_evidence.py,_errors,function,top-level-or-method,41,45,-,test
tests/test_external_validation_evidence.py,test_complete_release_bound_testnet_evidence_passes,function,top-level-or-method,48,49,-,test
tests/test_external_validation_evidence.py,test_live_or_unredacted_evidence_can_never_pass,function,top-level-or-method,52,60,-,test
tests/test_external_validation_evidence.py,test_any_non_pass_case_status_fails_closed,function,top-level-or-method,65,68,"settings(max_examples=50, derandomize=True, deadline=None);given(st.text().filter(lambda value: value != 'PASS'))",test
tests/test_external_validation_evidence.py,test_non_positive_observation_counts_fail_closed,function,top-level-or-method,73,76,"settings(max_examples=40, derandomize=True, deadline=None);given(st.integers(max_value=0))",test
tests/test_external_validation_evidence.py,test_coverage_reader_rejects_missing_total,function,top-level-or-method,79,87,-,test
tests/test_external_validation_evidence.py,test_all_mandatory_cases_are_individually_required,function,top-level-or-method,90,94,-,test
tests/test_external_validation_evidence.py,test_ci_makes_security_and_coverage_mandatory_before_artifact,function,top-level-or-method,97,104,-,test
tests/test_external_validation_evidence.py,test_unexecuted_operator_template_cannot_pass,function,top-level-or-method,107,111,-,test
tests/test_git_history_secret_scan.py,_git,function,top-level-or-method,9,10,-,test
tests/test_git_history_secret_scan.py,_commit,function,top-level-or-method,13,15,-,test
tests/test_git_history_secret_scan.py,test_deleted_historical_credential_is_still_detected,function,top-level-or-method,18,32,-,test
tests/test_git_history_secret_scan.py,test_placeholder_only_history_passes,function,top-level-or-method,35,44,-,test
tests/test_local_sharia_backend.py,_doc,function,top-level-or-method,81,86,-,test
tests/test_local_sharia_backend.py,_claim,function,top-level-or-method,89,92,-,test
tests/test_local_sharia_backend.py,_evaluate,function,top-level-or-method,95,126,-,test
tests/test_local_sharia_backend.py,ProviderRegistryTests.test_legacy_provider_requires_no_extra_record_keys,function,top-level-or-method,132,135,-,test
tests/test_local_sharia_backend.py,ProviderRegistryTests.test_historical_runner_evidence_shape_remains_verifiable,function,top-level-or-method,137,149,-,test
tests/test_local_sharia_backend.py,ProviderRegistryTests.test_unregistered_provider_is_rejected,function,top-level-or-method,151,159,-,test
tests/test_local_sharia_backend.py,ProviderRegistryTests.test_new_results_cannot_select_the_weaker_legacy_schema,function,top-level-or-method,161,166,-,test
tests/test_local_sharia_backend.py,ProviderRegistryTests.test_local_provider_requires_a_content_digest,function,top-level-or-method,168,183,-,test
tests/test_local_sharia_backend.py,ProviderRegistryTests.test_local_citation_cannot_add_an_unhashed_evidentiary_url,function,top-level-or-method,185,202,-,test
tests/test_local_sharia_backend.py,ProviderRegistryTests.test_local_record_url_must_match_its_hashed_source_url,function,top-level-or-method,204,218,-,test
tests/test_local_sharia_backend.py,EvidenceStoreTests.test_exact_bytes_are_content_addressed_and_reverified,function,top-level-or-method,222,233,-,test
tests/test_local_sharia_backend.py,EvidenceStoreTests.test_evidence_path_cannot_escape_store,function,top-level-or-method,235,239,-,test
tests/test_local_sharia_backend.py,EvidenceStoreTests.test_report_validation_rehashes_stored_bytes,function,top-level-or-method,241,260,-,test
tests/test_local_sharia_backend.py,LocalRunnerIntegrationTests._bind_registry,function,top-level-or-method,265,282,staticmethod,test
tests/test_local_sharia_backend.py,LocalRunnerIntegrationTests._registry_payload,function,top-level-or-method,285,310,staticmethod,test
tests/test_local_sharia_backend.py,LocalRunnerIntegrationTests.test_complete_local_case_produces_review_not_trade_authority,function,top-level-or-method,312,343,-,test
tests/test_local_sharia_backend.py,LocalRunnerIntegrationTests.test_complete_local_case_produces_review_not_trade_authority._Retriever.fetch,function,nested,321,330,-,test
tests/test_local_sharia_backend.py,LocalRunnerIntegrationTests.test_seven_haram_screener_results_can_never_propose_green,function,top-level-or-method,345,379,-,test
tests/test_local_sharia_backend.py,LocalRunnerIntegrationTests.test_seven_haram_screener_results_can_never_propose_green._Retriever.fetch,function,nested,360,369,-,test
tests/test_local_sharia_backend.py,LocalRunnerIntegrationTests.test_halal_value_bound_to_negative_quote_can_never_propose_green,function,top-level-or-method,381,415,-,test
tests/test_local_sharia_backend.py,LocalRunnerIntegrationTests.test_halal_value_bound_to_negative_quote_can_never_propose_green._Retriever.fetch,function,nested,396,405,-,test
tests/test_local_sharia_backend.py,LocalRunnerIntegrationTests.test_owner_approval_is_bound_to_exact_report_and_evidence_bytes,function,top-level-or-method,417,479,-,test
tests/test_local_sharia_backend.py,LocalRunnerIntegrationTests.test_owner_approval_is_bound_to_exact_report_and_evidence_bytes._Retriever.fetch,function,nested,426,435,-,test
tests/test_local_sharia_backend.py,LocalRunnerIntegrationTests.test_scope_disclaimer_needs_explicit_hash_bound_confirmation,function,top-level-or-method,481,533,-,test
tests/test_local_sharia_backend.py,LocalRunnerIntegrationTests.test_scope_disclaimer_needs_explicit_hash_bound_confirmation._Retriever.fetch,function,nested,494,503,-,test
tests/test_local_sharia_backend.py,LocalRunnerIntegrationTests.test_missing_asset_fails_closed_without_external_api,function,top-level-or-method,535,547,-,test
tests/test_local_sharia_backend.py,LocalRunnerIntegrationTests.test_screener_registry_identity_mismatch_is_rejected,function,top-level-or-method,549,557,-,test
tests/test_local_sharia_backend.py,LocalRunnerIntegrationTests.test_overly_broad_official_host_is_rejected,function,top-level-or-method,559,566,-,test
tests/test_local_sharia_backend.py,LocalRunnerIntegrationTests.test_duplicate_normalized_screener_name_is_rejected,function,top-level-or-method,568,576,-,test
tests/test_local_sharia_backend.py,LocalRunnerIntegrationTests.test_active_service_constructs_only_the_local_runner,function,top-level-or-method,578,584,-,test
tests/test_local_sharia_backend.py,LocalRunnerIntegrationTests.test_transient_owner_decision_failure_remains_for_retry,function,top-level-or-method,586,609,-,test
tests/test_local_sharia_backend.py,NegationTests.test_later_genuine_disclosure_is_not_hidden_by_an_earlier_denial,function,top-level-or-method,615,621,-,test
tests/test_local_sharia_backend.py,NegationTests.test_double_negative_asserts_rather_than_denies,function,top-level-or-method,623,629,-,test
tests/test_local_sharia_backend.py,NegationTests.test_plain_disclaimer_is_still_recognised,function,top-level-or-method,631,633,-,test
tests/test_local_sharia_backend.py,NegationTests.test_polarity_reversing_verb_defeats_the_cue,function,top-level-or-method,635,637,-,test
tests/test_local_sharia_backend.py,NegationTests.test_unrelated_negation_in_same_sentence_cannot_clear_disclosure,function,top-level-or-method,639,645,-,test
tests/test_local_sharia_backend.py,NegationTests.test_unless_and_except_disclosures_cannot_clear_green,function,top-level-or-method,647,653,-,test
tests/test_local_sharia_backend.py,NegationTests.test_even_plain_disclaimer_requires_owner_scope_review,function,top-level-or-method,655,658,-,test
tests/test_local_sharia_backend.py,QuoteBindingTests.test_short_sentence_is_not_inflated_by_the_next_sentence,function,top-level-or-method,664,671,-,test
tests/test_local_sharia_backend.py,QuoteBindingTests.test_short_adverse_lead_escalates_instead_of_being_dropped,function,top-level-or-method,673,675,-,test
tests/test_local_sharia_backend.py,EvidenceDerivedFactTests.test_invalid_token_type_is_not_a_classification,function,top-level-or-method,681,685,-,test
tests/test_local_sharia_backend.py,EvidenceDerivedFactTests.test_blank_screener_values_do_not_complete_the_check,function,top-level-or-method,687,692,-,test
tests/test_local_sharia_backend.py,EvidenceDerivedFactTests.test_utility_quote_must_appear_in_a_retrieved_tier1_document,function,top-level-or-method,694,700,-,test
tests/test_local_sharia_backend.py,EvidenceDerivedFactTests.test_bare_positive_facts_cannot_produce_a_green_proposal,function,top-level-or-method,702,710,-,test
tests/test_local_sharia_backend.py,EvidenceDerivedFactTests.test_revenue_boolean_must_be_bound_to_retrieved_evidence,function,top-level-or-method,712,718,-,test
tests/test_local_sharia_backend.py,EvidenceDerivedFactTests.test_unattested_document_cannot_support_positive_claims,function,top-level-or-method,720,724,-,test
tests/test_local_sharia_backend.py,EvidenceDerivedFactTests.test_screener_name_must_match_its_real_host,function,top-level-or-method,726,761,-,test
tests/test_local_sharia_backend.py,RetrieverSecurityTests.test_non_public_destinations_are_refused,function,top-level-or-method,767,773,-,test
tests/test_local_sharia_backend.py,RetrieverSecurityTests.test_model_inference_hosts_are_refused,function,top-level-or-method,775,780,-,test
tests/test_local_sharia_backend.py,RetrieverSecurityTests.test_plaintext_and_credentialed_urls_are_refused,function,top-level-or-method,782,786,-,test
tests/test_local_sharia_backend.py,RetrieverSecurityTests.test_redirects_are_validated_before_the_next_request_is_made,function,top-level-or-method,788,822,-,test
tests/test_local_sharia_backend.py,RetrieverSecurityTests.test_redirects_are_validated_before_the_next_request_is_made._Resp.__init__,function,nested,794,798,-,test
tests/test_local_sharia_backend.py,RetrieverSecurityTests.test_redirects_are_validated_before_the_next_request_is_made._Resp.close,function,nested,800,801,-,test
tests/test_local_sharia_backend.py,RetrieverSecurityTests.test_redirects_are_validated_before_the_next_request_is_made._Resp.iter_content,function,nested,803,804,-,test
tests/test_local_sharia_backend.py,RetrieverSecurityTests.test_redirects_are_validated_before_the_next_request_is_made._Session.get,function,nested,807,812,-,test
tests/test_local_sharia_backend.py,RetrieverSecurityTests.test_redirect_cap_is_enforced,function,top-level-or-method,824,825,-,test
tests/test_local_sharia_backend.py,RetrieverSecurityTests.test_cross_origin_public_redirect_cannot_launder_tier_one,function,top-level-or-method,827,859,-,test
tests/test_local_sharia_backend.py,RetrieverSecurityTests.test_cross_origin_public_redirect_cannot_launder_tier_one._Resp.__init__,function,nested,834,836,-,test
tests/test_local_sharia_backend.py,RetrieverSecurityTests.test_cross_origin_public_redirect_cannot_launder_tier_one._Resp.close,function,nested,838,839,-,test
tests/test_local_sharia_backend.py,RetrieverSecurityTests.test_cross_origin_public_redirect_cannot_launder_tier_one._Resp.iter_content,function,nested,841,842,-,test
tests/test_local_sharia_backend.py,RetrieverSecurityTests.test_cross_origin_public_redirect_cannot_launder_tier_one._Session.get,function,nested,845,847,-,test
tests/test_local_sharia_backend.py,HtmlExtractionTests.test_ordinary_head_with_meta_and_link_keeps_the_body,function,top-level-or-method,865,868,-,test
tests/test_local_sharia_backend.py,HtmlExtractionTests.test_script_and_style_content_is_still_dropped,function,top-level-or-method,870,874,-,test
tests/test_local_sharia_backend.py,HtmlExtractionTests.test_stray_end_tag_does_not_strand_the_extractor,function,top-level-or-method,876,878,-,test
tests/test_local_sharia_backend.py,PdfExtractionTests.test_pdf_text_is_bounded_and_normalized,function,top-level-or-method,882,893,-,test
tests/test_local_sharia_backend.py,PdfExtractionTests.test_encrypted_and_image_only_pdfs_fail_closed,function,top-level-or-method,895,907,-,test
tests/test_local_sharia_backend.py,TierClassificationTests.test_official_subdomain_is_tier_one,function,top-level-or-method,911,914,-,test
tests/test_local_sharia_backend.py,TierClassificationTests.test_suffix_spoofing_is_not_official,function,top-level-or-method,916,919,-,test
tests/test_local_sharia_backend.py,EngineAuthorityTests.test_no_disposition_is_a_runtime_tradeable_code,function,top-level-or-method,925,929,-,test
tests/test_local_sharia_backend.py,EngineAuthorityTests.test_clean_document_only_ever_proposes,function,top-level-or-method,931,937,-,test
tests/test_local_sharia_backend.py,EngineAuthorityTests.test_nothing_retrieved_fails_closed,function,top-level-or-method,939,941,-,test
tests/test_local_sharia_backend.py,EngineAuthorityTests.test_failed_fetch_fails_closed,function,top-level-or-method,943,945,-,test
tests/test_oracle_hardening_v2.py,ProtectedCoreTests.test_every_protected_file_is_byte_identical_to_baseline,function,top-level-or-method,63,66,-,test
tests/test_oracle_hardening_v2.py,OracleInstallerStaticTests.setUpClass,function,top-level-or-method,71,74,classmethod,test
tests/test_oracle_hardening_v2.py,OracleInstallerStaticTests.test_official_docker_ce_repository_and_arm64,function,top-level-or-method,76,82,-,test
tests/test_oracle_hardening_v2.py,OracleInstallerStaticTests.test_supported_os_resources_time_swap_and_versions,function,top-level-or-method,84,89,-,test
tests/test_oracle_hardening_v2.py,OracleInstallerStaticTests.test_privileged_paths_and_legacy_namespace_fail_closed,function,top-level-or-method,91,101,-,test
tests/test_oracle_hardening_v2.py,OracleInstallerStaticTests.test_secret_file_and_accounts_are_least_privilege,function,top-level-or-method,103,108,-,test
tests/test_oracle_hardening_v2.py,OracleInstallerStaticTests.test_env_is_parsed_not_sourced,function,top-level-or-method,110,116,-,test
tests/test_oracle_hardening_v2.py,OracleInstallerStaticTests.test_testnet_env_cannot_request_live,function,top-level-or-method,118,121,-,test
tests/test_oracle_hardening_v2.py,OracleInstallerStaticTests.test_release_approval_lock_and_rollback_remain,function,top-level-or-method,123,138,-,test
tests/test_oracle_hardening_v2.py,HostileEnvironmentParserTests.test_hostile_values_are_literal_and_execute_nothing,function,top-level-or-method,143,166,-,test
tests/test_oracle_hardening_v2.py,ComposeHardeningTests.setUpClass,function,top-level-or-method,171,172,classmethod,test
tests/test_oracle_hardening_v2.py,ComposeHardeningTests.test_unique_namespace_and_no_public_ports,function,top-level-or-method,174,178,-,test
tests/test_oracle_hardening_v2.py,ComposeHardeningTests.test_every_service_has_resource_and_privilege_bounds,function,top-level-or-method,180,189,-,test
tests/test_oracle_hardening_v2.py,ComposeHardeningTests.test_monitor_is_not_a_container_and_no_docker_socket_is_mounted,function,top-level-or-method,191,194,-,test
tests/test_oracle_hardening_v2.py,MonitorHardeningTests.test_default_loopback_and_port,function,top-level-or-method,198,202,-,test
tests/test_oracle_hardening_v2.py,MonitorHardeningTests.test_configurable_occupied_port_is_rejected,function,top-level-or-method,204,218,-,test
tests/test_oracle_hardening_v2.py,MonitorHardeningTests.test_systemd_monitor_has_no_sudo_or_docker_socket,function,top-level-or-method,220,227,-,test
tests/test_oracle_hardening_v2.py,OperationalScriptTests.test_diagnostics_use_ten_https_requests_and_percentiles,function,top-level-or-method,231,236,-,test
tests/test_oracle_hardening_v2.py,OperationalScriptTests.test_backup_uses_python_sqlite_backup_and_restore_integrity,function,top-level-or-method,238,247,-,test
tests/test_oracle_hardening_v2.py,OperationalScriptTests.test_ssh_validation_precedes_reload,function,top-level-or-method,249,251,-,test
tests/test_oracle_hardening_v2.py,OperationalScriptTests.test_critical_disk_pressure_queues_authenticated_entry_pause,function,top-level-or-method,253,260,-,test
tests/test_oracle_hardening_v2.py,OperationalScriptTests.test_ci_overrides_oracle_shared_path_with_checked_out_fixture,function,top-level-or-method,262,264,-,test
tests/test_package_mode.py,_mode_file,function,top-level-or-method,36,39,-,test
tests/test_package_mode.py,StateStub.__init__,function,top-level-or-method,45,48,-,test
tests/test_package_mode.py,StateStub.set_entries,function,top-level-or-method,50,51,-,test
tests/test_package_mode.py,StateStub.save,function,top-level-or-method,53,54,-,test
tests/test_package_mode.py,EnforcePackageModeTests.test_testnet_package_permits_testnet_and_simulation,function,top-level-or-method,58,62,-,test
tests/test_package_mode.py,EnforcePackageModeTests.test_testnet_package_always_rejects_live,function,top-level-or-method,64,70,-,test
tests/test_package_mode.py,EnforcePackageModeTests.test_live_package_permits_live_and_simulation,function,top-level-or-method,72,76,-,test
tests/test_package_mode.py,EnforcePackageModeTests.test_live_package_rejects_cross_mode_testnet,function,top-level-or-method,78,83,-,test
tests/test_package_mode.py,EnforcePackageModeTests.test_missing_release_mode_blocks_startup,function,top-level-or-method,85,90,-,test
tests/test_package_mode.py,EnforcePackageModeTests.test_invalid_release_mode_blocks_startup,function,top-level-or-method,92,97,-,test
tests/test_package_mode.py,EnforcePackageModeTests.test_mode_is_read_from_file_not_environment,function,top-level-or-method,99,105,-,test
tests/test_package_mode.py,LiveInterlockPackageModeTests.setUp,function,top-level-or-method,112,114,-,test
tests/test_package_mode.py,LiveInterlockPackageModeTests.tearDown,function,top-level-or-method,116,118,-,test
tests/test_package_mode.py,LiveInterlockPackageModeTests._patched_mode,function,top-level-or-method,120,122,-,test
tests/test_package_mode.py,LiveInterlockPackageModeTests.test_testnet_package_blocks_live_even_with_full_promotion_env,function,top-level-or-method,124,140,-,test
tests/test_package_mode.py,LiveInterlockPackageModeTests.test_testnet_package_runs_testnet_and_forces_testnet_endpoints,function,top-level-or-method,142,154,-,test
tests/test_package_mode.py,LiveInterlockPackageModeTests.test_testnet_package_allows_simulation,function,top-level-or-method,156,164,-,test
tests/test_package_mode.py,LiveInterlockPackageModeTests.test_missing_release_mode_blocks_every_execution_mode,function,top-level-or-method,166,174,-,test
tests/test_package_mode.py,LiveInterlockPackageModeTests.test_invalid_execution_mode_still_reports_clean_error,function,top-level-or-method,176,181,-,test
tests/test_package_mode.py,ShippedPackageConsistencyTests.test_release_mode_is_valid_and_baked_into_docker_image,function,top-level-or-method,187,192,-,test
tests/test_package_mode.py,ShippedPackageConsistencyTests.test_live_evidence_strategy_is_shipped_into_the_image,function,top-level-or-method,194,204,-,test
tests/test_package_mode.py,ShippedPackageConsistencyTests.test_env_example_default_is_permitted_and_safe,function,top-level-or-method,206,217,-,test
tests/test_package_mode.py,ShippedPackageConsistencyTests.test_package_mode_file_resolves_to_repo_root,function,top-level-or-method,219,221,-,test
tests/test_package_mode.py,ShippedPackageConsistencyTests.test_sharia_service_receives_the_same_execution_mode,function,top-level-or-method,223,228,-,test
tests/test_package_mode.py,ShippedPackageConsistencyTests.test_release_metadata_is_consistent_and_disarmed,function,top-level-or-method,230,248,-,test
tests/test_package_mode.py,ImportOutsideTheImageTests._import_clean,function,top-level-or-method,269,280,-,test
tests/test_package_mode.py,ImportOutsideTheImageTests.test_sidecar_imports_without_the_app_volume,function,top-level-or-method,282,292,-,test
tests/test_package_mode.py,ImportOutsideTheImageTests.test_explicit_shared_root_still_wins,function,top-level-or-method,294,302,-,test
tests/test_phase45_repairs.py,_copy_controller,function,top-level-or-method,29,30,-,test
tests/test_phase45_repairs.py,ProjectionAndBridgeRepairTests.test_missing_controller_and_unsigned_green_fail_closed,function,top-level-or-method,34,42,-,test
tests/test_phase45_repairs.py,ProjectionAndBridgeRepairTests.test_bridge_revalidates_and_drops_plaintext_rows,function,top-level-or-method,44,71,-,test
tests/test_phase45_repairs.py,ProjectionAndBridgeRepairTests.test_request_or_result_hmac_holder_cannot_forge_result_attestation,function,top-level-or-method,73,89,-,test
tests/test_phase45_repairs.py,SemanticAndModeRepairTests.test_vacuous_green_and_unresolved_escalation_are_rejected,function,top-level-or-method,93,121,-,test
tests/test_phase45_repairs.py,SemanticAndModeRepairTests.test_self_declared_tier1_without_provider_url_evidence_is_rejected,function,top-level-or-method,123,139,-,test
tests/test_phase45_repairs.py,SemanticAndModeRepairTests.test_external_model_runner_is_removed_from_runtime,function,top-level-or-method,141,148,-,test
tests/test_phase45_repairs.py,SemanticAndModeRepairTests.test_all_packages_require_signed_cached_gate,function,top-level-or-method,150,154,-,test
tests/test_phase45_repairs.py,SemanticAndModeRepairTests.test_direct_order_manager_construction_cannot_enable_fresh_live_gate,function,top-level-or-method,156,162,-,test
tests/test_phase45_repairs.py,AutonomousDiscoveryAndRetryRepairTests.test_idle_discovery_seeds_from_binance_before_sharia,function,top-level-or-method,165,197,-,test
tests/test_phase45_repairs.py,AutonomousDiscoveryAndRetryRepairTests.test_idle_failure_requeues_same_request_with_bounded_backoff,function,top-level-or-method,199,225,-,test
tests/test_phase_6_8_lifecycle_repairs.py,_sym,function,top-level-or-method,34,39,-,test
tests/test_phase_6_8_lifecycle_repairs.py,_position,function,top-level-or-method,42,49,-,test
tests/test_phase_6_8_lifecycle_repairs.py,_Portfolio.__init__,function,top-level-or-method,53,60,-,test
tests/test_phase_6_8_lifecycle_repairs.py,_Client.__init__,function,top-level-or-method,64,69,-,test
tests/test_phase_6_8_lifecycle_repairs.py,_Client.get_account,function,top-level-or-method,71,78,-,test
tests/test_phase_6_8_lifecycle_repairs.py,_Client.get_order,function,top-level-or-method,80,88,-,test
tests/test_phase_6_8_lifecycle_repairs.py,_Client._get,function,top-level-or-method,90,99,-,test
tests/test_phase_6_8_lifecycle_repairs.py,_Client.order_limit_sell,function,top-level-or-method,101,104,-,test
tests/test_phase_6_8_lifecycle_repairs.py,_Broker.__init__,function,top-level-or-method,108,112,-,test
tests/test_phase_6_8_lifecycle_repairs.py,_Broker.cancel,function,top-level-or-method,114,116,-,test
tests/test_phase_6_8_lifecycle_repairs.py,_Broker.cancel_order_list,function,top-level-or-method,118,120,-,test
tests/test_phase_6_8_lifecycle_repairs.py,_Broker.price,function,top-level-or-method,122,123,-,test
tests/test_phase_6_8_lifecycle_repairs.py,_Broker.clamp_delta,function,top-level-or-method,125,126,-,test
tests/test_phase_6_8_lifecycle_repairs.py,_Broker._place_idempotent,function,top-level-or-method,128,129,-,test
tests/test_phase_6_8_lifecycle_repairs.py,_Broker._find_order,function,top-level-or-method,131,132,-,test
tests/test_phase_6_8_lifecycle_repairs.py,LifecycleRepairTests.setUp,function,top-level-or-method,136,139,-,test
tests/test_phase_6_8_lifecycle_repairs.py,LifecycleRepairTests.tearDown,function,top-level-or-method,141,150,-,test
tests/test_phase_6_8_lifecycle_repairs.py,LifecycleRepairTests.adapter,function,top-level-or-method,152,163,-,test
tests/test_phase_6_8_lifecycle_repairs.py,LifecycleRepairTests.test_only_repaired_emergency_path_exists,function,top-level-or-method,165,167,-,test
tests/test_phase_6_8_lifecycle_repairs.py,LifecycleRepairTests.test_balance_is_strict_free_locked_total_and_unknown,function,top-level-or-method,169,184,-,test
tests/test_phase_6_8_lifecycle_repairs.py,LifecycleRepairTests.test_emergency_halts_then_cancels_validates_and_verifies_total_dust,function,top-level-or-method,186,210,-,test
tests/test_phase_6_8_lifecycle_repairs.py,LifecycleRepairTests.test_emergency_cancel_uncertainty_preserves_ids_and_never_submits,function,top-level-or-method,212,236,-,test
tests/test_phase_6_8_lifecycle_repairs.py,LifecycleRepairTests.test_emergency_durable_halt_failure_prevents_any_exchange_action,function,top-level-or-method,238,246,-,test
tests/test_phase_6_8_lifecycle_repairs.py,LifecycleRepairTests.test_emergency_double_timeout_returns_structured_unknown_and_stays_halted,function,top-level-or-method,248,266,-,test
tests/test_phase_6_8_lifecycle_repairs.py,LifecycleRepairTests.test_emergency_preexisting_dust_is_reconciled_not_exit_filled,function,top-level-or-method,268,283,-,test
tests/test_phase_6_8_lifecycle_repairs.py,LifecycleRepairTests.test_partial_entry_timeout_unknown_retains_qty_intent_and_pending,function,top-level-or-method,285,300,-,test
tests/test_phase_6_8_lifecycle_repairs.py,LifecycleRepairTests.test_late_fill_from_cancel_verification_cannot_be_closed_as_zero,function,top-level-or-method,302,328,-,test
tests/test_phase_6_8_lifecycle_repairs.py,LifecycleRepairTests.test_late_fill_from_cancel_verification_cannot_be_closed_as_zero.entry_fact,function,nested,305,310,-,test
tests/test_phase_6_8_lifecycle_repairs.py,LifecycleRepairTests.test_partial_otoco_cancel_unknown_preserves_handles_and_no_replacement,function,top-level-or-method,330,348,-,test
tests/test_phase_6_8_lifecycle_repairs.py,LifecycleRepairTests.test_terminal_zero_fill_bracket_does_not_close_until_list_is_verified,function,top-level-or-method,350,370,-,test
tests/test_phase_6_8_lifecycle_repairs.py,LifecycleRepairTests.test_reprotect_query_unknown_never_places_against_free_balance,function,top-level-or-method,372,384,-,test
tests/test_phase_6_8_lifecycle_repairs.py,LifecycleRepairTests.test_relatch_does_not_erase_deterministic_recovery_identifiers,function,top-level-or-method,386,398,-,test
tests/test_phase_6_8_lifecycle_repairs.py,LifecycleRepairTests.test_all_done_requires_filled_leg_for_runtime_close,function,top-level-or-method,400,422,-,test
tests/test_phase_6_8_lifecycle_repairs.py,LifecycleRepairTests.test_offline_known_entry_and_exit_query_failures_latch_without_delegating,function,top-level-or-method,424,443,-,test
tests/test_phase_6_8_lifecycle_repairs.py,LifecycleRepairTests.test_offline_fill_without_protection_is_explicitly_latched,function,top-level-or-method,445,465,-,test
tests/test_phase_6_8_lifecycle_repairs.py,LifecycleRepairTests.test_offline_fill_without_protection_is_explicitly_latched.adopted,function,nested,456,459,-,test
tests/test_phase_6_8_lifecycle_repairs.py,LifecycleRepairTests.test_restart_reconciles_verified_filled_single_exit_with_total_dust,function,top-level-or-method,467,487,-,test
tests/test_phase_6_8_lifecycle_repairs.py,LifecycleRepairTests.test_later_positive_reconcile_resolves_emergency_unknown_but_not_entries,function,top-level-or-method,489,512,-,test
tests/test_phase_6_8_lifecycle_repairs.py,LifecycleRepairTests.test_expiry_fields_are_journaled_as_unsafe_nonterminal,function,top-level-or-method,514,534,-,test
tests/test_phase_6_8_lifecycle_repairs.py,LifecycleRepairTests.test_default_ocot_entry_strict_filter_failure_blocks_legacy_submission,function,top-level-or-method,536,560,-,test
tests/test_phase_6_8_lifecycle_repairs.py,LifecycleRepairTests.test_default_ocot_request_counts_all_three_legs_against_capacity,function,top-level-or-method,562,598,-,test
tests/test_phase_6_8_lifecycle_repairs.py,LifecycleRepairTests.test_default_ocot_request_counts_all_three_legs_against_capacity.Public.exchange_info,function,nested,566,585,-,test
tests/test_phase_6_8_lifecycle_repairs.py,LifecycleRepairTests.test_default_ocot_request_counts_all_three_legs_against_capacity.Public.ticker_price,function,nested,587,588,-,test
tests/test_phase_6_8_repairs.py,_Public.__init__,function,top-level-or-method,39,40,-,test
tests/test_phase_6_8_repairs.py,_Public.exchange_info,function,top-level-or-method,42,47,-,test
tests/test_phase_6_8_repairs.py,_Public.reference_price,function,top-level-or-method,49,50,-,test
tests/test_phase_6_8_repairs.py,_core_filters,function,top-level-or-method,53,63,-,test
tests/test_phase_6_8_repairs.py,FilterRepairTests.test_missing_core_filter_metadata_fails_closed,function,top-level-or-method,67,73,-,test
tests/test_phase_6_8_repairs.py,FilterRepairTests.test_missing_required_filter_field_fails_closed,function,top-level-or-method,75,82,-,test
tests/test_phase_6_8_repairs.py,FilterRepairTests.test_market_lot_size_zero_step_still_enforces_minimum,function,top-level-or-method,84,91,-,test
tests/test_phase_6_8_repairs.py,FilterRepairTests.test_market_lot_and_checked_filter_list_are_exact,function,top-level-or-method,93,107,-,test
tests/test_phase_6_8_repairs.py,FilterRepairTests.test_limit_summary_lists_only_evaluated_filters,function,top-level-or-method,109,116,-,test
tests/test_phase_6_8_repairs.py,OrdersVisibilityTests._adapter,function,top-level-or-method,121,127,staticmethod,test
tests/test_phase_6_8_repairs.py,OrdersVisibilityTests.test_open_orders_requires_both_exchange_endpoints,function,top-level-or-method,129,137,-,test
tests/test_phase_6_8_repairs.py,OrdersVisibilityTests.test_open_orders_returns_safelisted_orders_and_lists,function,top-level-or-method,139,158,-,test
tests/test_phase_6_8_repairs.py,OrdersVisibilityTests.test_open_orders_returns_safelisted_orders_and_lists.Client.get_open_orders,function,nested,141,143,-,test
tests/test_phase_6_8_repairs.py,OrdersVisibilityTests.test_open_orders_returns_safelisted_orders_and_lists.Client._get,function,nested,145,149,-,test
tests/test_phase_6_8_repairs.py,OrdersVisibilityTests.test_orders_command_accepts_signed_envelope_and_persists_result,function,top-level-or-method,160,187,-,test
tests/test_phase_6_8_repairs.py,OrdersVisibilityTests.test_orders_command_accepts_signed_envelope_and_persists_result.State.claim_command,function,nested,164,165,-,test
tests/test_phase_6_8_repairs.py,OrdersVisibilityTests.test_orders_command_accepts_signed_envelope_and_persists_result.State.record_command,function,nested,167,168,-,test
tests/test_phase_6_8_repairs.py,TelegramRepairTests.test_callback_acknowledgement_error_redacts_token,function,top-level-or-method,191,214,-,test
tests/test_phase_6_8_repairs.py,TelegramRepairTests.test_owner_orders_uses_signed_sidecar_command_route,function,top-level-or-method,216,224,-,test
tests/test_phase_6_8_repairs.py,TelegramRepairTests.test_telegram_update_is_claimed_before_dispatch_and_not_replayed,function,top-level-or-method,226,292,-,test
tests/test_phase_6_8_repairs.py,TelegramRepairTests.test_telegram_update_is_claimed_before_dispatch_and_not_replayed.observe_claim_then_stop,function,nested,245,248,-,test
tests/test_phase_6_8_repairs.py,TelegramRepairTests.test_sidecar_alert_outbox_retries_and_deduplicates_without_network,function,top-level-or-method,294,336,-,test
tests/test_phase_6_8_repairs.py,TelegramRepairTests.test_malformed_alerts_are_quarantined_without_starving_valid_alert,function,top-level-or-method,338,368,-,test
tests/test_phase_6_8_repairs.py,TelegramRepairTests.test_corrupt_alert_dedupe_state_pauses_delivery,function,top-level-or-method,370,394,-,test
tests/test_phase_6_8_repairs.py,TelegramRepairTests.test_corrupt_telegram_offset_fails_closed,function,top-level-or-method,396,402,-,test
tests/test_property_invariants.py,test_signed_envelope_canonical_bytes_ignore_mapping_insertion_order,function,top-level-or-method,22,24,"settings(max_examples=100, derandomize=True, deadline=None);given(st.dictionaries(SAFE_KEYS, JSON_SCALAR, max_size=20))",test
tests/test_property_invariants.py,test_integer_environment_bounds_always_fail_closed,function,top-level-or-method,29,32,"settings(max_examples=80, derandomize=True, deadline=None);given(st.integers().filter(lambda value: value < 10 or value > 20))",test
tests/test_property_invariants.py,test_monitor_redaction_never_returns_token_value,function,top-level-or-method,37,40,"settings(max_examples=80, derandomize=True, deadline=None);given(st.text(alphabet=st.characters(whitelist_categories=('Ll', 'Lu', 'Nd')), min_size=20, max_size=60))",test
tests/test_safety_state_sqlite.py,_write,function,top-level-or-method,25,26,-,test
tests/test_safety_state_sqlite.py,SafetyStateSQLiteTests.test_valid_legacy_json_upgrades_an_existing_unversioned_database,function,top-level-or-method,30,80,-,test
tests/test_safety_state_sqlite.py,SafetyStateSQLiteTests.test_valid_legacy_json_migrates_once_and_restart_uses_sqlite,function,top-level-or-method,82,142,-,test
tests/test_safety_state_sqlite.py,SafetyStateSQLiteTests.test_corrupt_legacy_files_fail_closed_until_sqlite_is_authoritative,function,top-level-or-method,144,158,-,test
tests/test_safety_state_sqlite.py,SafetyStateSQLiteTests.test_corrupt_legacy_mirrors_cannot_override_authoritative_sqlite,function,top-level-or-method,160,176,-,test
tests/test_safety_state_sqlite.py,SafetyStateSQLiteTests.test_missing_legacy_is_safe_only_for_new_database_and_never_resets_sqlite,function,top-level-or-method,178,195,-,test
tests/test_safety_state_sqlite.py,SafetyStateSQLiteTests.test_existing_unmigrated_database_without_legacy_state_fails_closed,function,top-level-or-method,197,203,-,test
tests/test_safety_state_sqlite.py,SafetyStateSQLiteTests.test_sqlite_commit_failure_is_not_acknowledged_and_entries_stay_closed,function,top-level-or-method,205,239,-,test
tests/test_safety_state_sqlite.py,SafetyStateSQLiteTests.test_sqlite_commit_failure_is_not_acknowledged_and_entries_stay_closed.fail_commit,function,nested,212,220,contextmanager,test
tests/test_safety_state_sqlite.py,SafetyStateSQLiteTests.test_unknown_future_schema_fails_closed,function,top-level-or-method,241,253,-,test
tests/test_safety_state_sqlite.py,SafetyStateSQLiteTests.test_strategy_and_legacy_core_fingerprints_are_unchanged,function,top-level-or-method,255,259,-,test
tests/test_seed_source_registry.py,_Resp.__init__,function,top-level-or-method,43,47,-,test
tests/test_seed_source_registry.py,_Resp.close,function,top-level-or-method,49,50,-,test
tests/test_seed_source_registry.py,_Resp.iter_content,function,top-level-or-method,52,53,-,test
tests/test_seed_source_registry.py,_Session.get,function,top-level-or-method,59,62,-,test
tests/test_seed_source_registry.py,_screener_sources,function,top-level-or-method,65,67,-,test
tests/test_seed_source_registry.py,SeedHelperTests.setUp,function,top-level-or-method,71,82,-,test
tests/test_seed_source_registry.py,SeedHelperTests._propose,function,top-level-or-method,84,97,-,test
tests/test_seed_source_registry.py,SeedHelperTests._apply,function,top-level-or-method,99,111,-,test
tests/test_seed_source_registry.py,SeedHelperTests.test_propose_writes_candidate_quotes_from_the_fetched_bytes,function,top-level-or-method,113,131,-,test
tests/test_seed_source_registry.py,SeedHelperTests.test_official_hosts_are_never_inferred_from_the_symbol,function,top-level-or-method,133,139,-,test
tests/test_seed_source_registry.py,SeedHelperTests.test_apply_rejects_a_quote_that_is_not_in_the_retrieved_bytes,function,top-level-or-method,141,152,-,test
tests/test_seed_source_registry.py,SeedHelperTests.test_apply_writes_the_registry_when_every_quote_verifies,function,top-level-or-method,154,167,-,test
tests/test_seed_source_registry.py,SeedHelperTests.test_apply_rejects_an_empty_value,function,top-level-or-method,169,172,-,test
tests/test_seed_source_registry.py,SeedHelperTests.test_propose_leaves_every_screener_value_blank,function,top-level-or-method,174,180,-,test
tests/test_seed_source_registry.py,SeedHelperTests.test_proposal_records_the_reviewed_content_digest,function,top-level-or-method,182,188,-,test
tests/test_seed_source_registry.py,SeedHelperTests.test_apply_refuses_a_page_that_changed_after_review,function,top-level-or-method,190,220,-,test
tests/test_seed_source_registry.py,SeedHelperTests.test_apply_refuses_a_page_that_changed_after_review.mutated,function,nested,208,211,-,test
tests/test_seed_source_registry.py,SeedHelperTests.test_negative_screener_statement_cannot_be_applied_as_halal,function,top-level-or-method,222,247,-,test
tests/test_seed_source_registry.py,SeedHelperTests.test_negative_screener_statement_cannot_be_applied_as_halal.negative_screeners,function,nested,226,229,-,test
tests/test_seed_source_registry.py,SeedHelperTests.test_unlisted_abbreviation_cannot_trim_a_negative_block,function,top-level-or-method,249,275,-,test
tests/test_seed_source_registry.py,SeedHelperTests.test_unlisted_abbreviation_cannot_trim_a_negative_block.adversarial,function,nested,258,261,-,test
tests/test_seed_source_registry.py,SeedHelperTests.test_apply_rejects_edited_offsets_and_context,function,top-level-or-method,277,290,-,test
tests/test_seed_source_registry.py,SeedHelperTests.test_string_identity_match_is_rejected_not_coerced,function,top-level-or-method,292,300,-,test
tests/test_seed_source_registry.py,QuoteHelperTests.test_direct_host_execution_is_refused,function,top-level-or-method,304,307,-,test
tests/test_seed_source_registry.py,QuoteHelperTests.test_quote_membership_is_whitespace_insensitive,function,top-level-or-method,309,311,-,test
tests/test_seed_source_registry.py,QuoteHelperTests.test_screener_is_identified_only_by_its_own_host,function,top-level-or-method,313,315,-,test
tests/test_seed_source_registry.py,QuoteHelperTests.test_repeated_complete_block_requires_an_explicit_reviewed_offset,function,top-level-or-method,317,324,-,test
tests/test_seed_source_registry.py,NoAutomaticVerdictTests.test_no_sentence_ever_yields_a_verdict,function,top-level-or-method,346,350,-,test
tests/test_seed_source_registry.py,NoAutomaticVerdictTests.test_positive_value_is_refused_against_negative_wording,function,top-level-or-method,352,356,-,test
tests/test_seed_source_registry.py,NoAutomaticVerdictTests.test_positive_value_is_refused_against_conditional_wording,function,top-level-or-method,358,365,-,test
tests/test_seed_source_registry.py,NoAutomaticVerdictTests.test_clean_positive_wording_is_still_allowed,function,top-level-or-method,367,370,-,test
tests/test_seed_source_registry.py,NoAutomaticVerdictTests.test_bare_compliant_or_permissible_is_domain_ambiguous,function,top-level-or-method,372,377,-,test
tests/test_seed_source_registry.py,NoAutomaticVerdictTests.test_positive_synonyms_cannot_bypass_the_canonical_enum,function,top-level-or-method,379,383,-,test
tests/test_seed_source_registry.py,NoAutomaticVerdictTests.test_obfuscated_negative_wording_blocks_halal,function,top-level-or-method,385,395,-,test
tests/test_seed_source_registry.py,NoAutomaticVerdictTests.test_halal_requires_an_affirmative_phrase_in_the_quote,function,top-level-or-method,397,399,-,test
tests/test_seed_source_registry.py,NoAutomaticVerdictTests.test_negative_value_is_never_blocked,function,top-level-or-method,401,404,-,test
tests/test_seed_source_registry.py,StrictBooleanTests.test_only_real_booleans_are_accepted,function,top-level-or-method,410,415,-,test
tests/test_sharia_egress_proxy.py,ConnectTargetTests.test_only_credential_free_dns_names_on_https_are_allowed,function,top-level-or-method,23,34,-,test
tests/test_sharia_egress_proxy.py,ConnectTargetTests.test_any_private_answer_rejects_the_entire_dns_set,function,top-level-or-method,36,45,-,test
tests/test_sharia_egress_proxy.py,ConnectTargetTests.test_public_resolution_is_returned_as_numeric_socket_addresses,function,top-level-or-method,47,55,-,test
tests/test_sharia_egress_proxy.py,ComposeIsolationTests.setUpClass,function,top-level-or-method,60,62,classmethod,test
tests/test_sharia_egress_proxy.py,ComposeIsolationTests.test_screener_has_only_the_internal_egress_network,function,top-level-or-method,64,70,-,test
tests/test_sharia_egress_proxy.py,ComposeIsolationTests.test_only_secretless_proxy_bridges_internal_and_default_networks,function,top-level-or-method,72,78,-,test
tests/test_sharia_egress_proxy.py,ComposeIsolationTests.test_screener_waits_for_a_healthy_proxy,function,top-level-or-method,80,83,-,test
tests/test_sharia_egress_proxy.py,ComposeIsolationTests.test_explicit_pinned_proxy_mode_disables_only_the_direct_peer_check,function,top-level-or-method,85,91,-,test
tests/test_sharia_quota_hardening.py,ShariaQuotaHardeningTests._finish,function,top-level-or-method,17,24,staticmethod,test
tests/test_sharia_quota_hardening.py,ShariaQuotaHardeningTests._service,function,top-level-or-method,27,38,staticmethod,test
tests/test_sharia_quota_hardening.py,ShariaQuotaHardeningTests.test_urgent_requests_obey_total_ceiling_and_durable_spacing,function,top-level-or-method,40,63,-,test
tests/test_sharia_quota_hardening.py,ShariaQuotaHardeningTests.test_bulk_and_idle_stop_before_reserve_but_urgent_can_use_it,function,top-level-or-method,65,81,-,test
tests/test_sharia_quota_hardening.py,ShariaQuotaHardeningTests.test_per_base_and_actor_caps_skip_blocked_head_of_line_requests,function,top-level-or-method,83,114,-,test
tests/test_sharia_quota_hardening.py,ShariaQuotaHardeningTests.test_zero_unlimited_and_relational_env_bypasses_are_rejected,function,top-level-or-method,116,158,-,test
tests/test_sharia_source_discovery.py,FakeResponse.__init__,function,top-level-or-method,26,29,-,test
tests/test_sharia_source_discovery.py,FakeResponse.json,function,top-level-or-method,31,32,-,test
tests/test_sharia_source_discovery.py,FakeSession.__init__,function,top-level-or-method,36,39,-,test
tests/test_sharia_source_discovery.py,FakeSession.get,function,top-level-or-method,41,43,-,test
tests/test_sharia_source_discovery.py,FakeBudget.__init__,function,top-level-or-method,49,50,-,test
tests/test_sharia_source_discovery.py,FakeBudget.try_acquire,function,top-level-or-method,52,54,-,test
tests/test_sharia_source_discovery.py,FakeBudget.stats,function,top-level-or-method,56,57,-,test
tests/test_sharia_source_discovery.py,StubProvider.__init__,function,top-level-or-method,61,64,-,test
tests/test_sharia_source_discovery.py,StubProvider.discover,function,top-level-or-method,66,68,-,test
tests/test_sharia_source_discovery.py,StubProvider.state,function,top-level-or-method,70,71,-,test
tests/test_sharia_source_discovery.py,candidate,function,top-level-or-method,74,83,-,test
tests/test_sharia_source_discovery.py,binance_entry,function,top-level-or-method,86,90,-,test
tests/test_sharia_source_discovery.py,SourceUrlSafetyTests.test_only_public_name_based_https_candidates_survive,function,top-level-or-method,94,101,-,test
tests/test_sharia_source_discovery.py,CoinGeckoDiscoveryTests._client,function,top-level-or-method,105,108,-,test
tests/test_sharia_source_discovery.py,CoinGeckoDiscoveryTests.test_exact_binance_market_binds_stable_id_and_sources,function,top-level-or-method,110,136,-,test
tests/test_sharia_source_discovery.py,CoinGeckoDiscoveryTests.test_two_binance_matches_fail_closed_as_ambiguous,function,top-level-or-method,138,149,-,test
tests/test_sharia_source_discovery.py,CoinGeckoDiscoveryTests.test_many_symbol_collisions_are_resolved_by_exact_exchange_coin_id,function,top-level-or-method,151,167,-,test
tests/test_sharia_source_discovery.py,CoinGeckoDiscoveryTests.test_non_usdt_or_wrong_exchange_ticker_never_binds,function,top-level-or-method,169,180,-,test
tests/test_sharia_source_discovery.py,CoinGeckoDiscoveryTests.test_ticker_coin_id_must_come_from_exact_symbol_candidates,function,top-level-or-method,182,191,-,test
tests/test_sharia_source_discovery.py,CoinGeckoDiscoveryTests.test_exchange_ticker_pagination_is_stable_and_bounded,function,top-level-or-method,193,215,-,test
tests/test_sharia_source_discovery.py,CoinMarketCapDiscoveryTests._client,function,top-level-or-method,219,222,-,test
tests/test_sharia_source_discovery.py,CoinMarketCapDiscoveryTests.test_single_active_numeric_id_is_accepted_as_fallback_candidate,function,top-level-or-method,224,236,-,test
tests/test_sharia_source_discovery.py,CoinMarketCapDiscoveryTests.test_duplicate_active_ids_are_ambiguous,function,top-level-or-method,238,245,-,test
tests/test_sharia_source_discovery.py,SourceDiscoveryPersistenceTests._discovery,function,top-level-or-method,249,252,-,test
tests/test_sharia_source_discovery.py,SourceDiscoveryPersistenceTests.test_coingecko_first_cache_weekly_archive_and_no_trade_permission,function,top-level-or-method,254,274,-,test
tests/test_sharia_source_discovery.py,SourceDiscoveryPersistenceTests.test_cmc_fallback_and_ambiguous_status,function,top-level-or-method,276,293,-,test
tests/test_sharia_source_discovery.py,SourceDiscoveryPersistenceTests.test_tampered_current_record_is_not_used_as_cache,function,top-level-or-method,295,309,-,test
tests/test_sharia_source_discovery.py,SourceDiscoveryPersistenceTests.test_archive_records_older_than_configured_retention_are_removed,function,top-level-or-method,311,323,-,test
tests/test_sharia_source_discovery.py,SourceDiscoveryPersistenceTests.test_universe_index_exposes_missing_stale_and_delisted_without_permission,function,top-level-or-method,325,346,-,test
tests/test_strategy_probe.py,_require_strategy_stack,function,top-level-or-method,29,38,-,test
tests/test_strategy_probe.py,_load_probe,function,top-level-or-method,41,46,-,test
tests/test_strategy_probe.py,StrategyProbeTests.setUpClass,function,top-level-or-method,52,57,classmethod,test
tests/test_strategy_probe.py,StrategyProbeTests.test_fixture_actually_exercises_the_entry_path,function,top-level-or-method,59,68,-,test
tests/test_strategy_probe.py,StrategyProbeTests.test_active_5m_macd_gate_blocks_entries_when_negative,function,top-level-or-method,70,76,-,test
tests/test_strategy_probe.py,StrategyProbeTests.test_active_5m_macd_gate_permits_entries_when_positive,function,top-level-or-method,78,81,-,test
tests/test_strategy_probe.py,StrategyProbeTests.test_1m_macd_is_reference_only_and_changes_no_entries,function,top-level-or-method,83,90,-,test
tests/test_strategy_probe.py,StrategyProbeTests.test_exit_path_executes,function,top-level-or-method,92,93,-,test
tests/test_strategy_probe.py,StrategyProbeTests.test_prefix_determinism,function,top-level-or-method,95,97,-,test
tests/test_supply_chain_gate.py,_write_tree,function,top-level-or-method,14,31,-,test
tests/test_supply_chain_gate.py,DeploymentSupplyChainGateTests.test_complete_digest_and_hash_pinning_passes,function,top-level-or-method,35,39,-,test
tests/test_supply_chain_gate.py,DeploymentSupplyChainGateTests.test_mutable_inputs_fail_with_all_reasons,function,top-level-or-method,41,50,-,test
tests/test_supply_chain_gate.py,DeploymentSupplyChainGateTests.test_malformed_hash_is_rejected_even_when_a_valid_hash_is_present,function,top-level-or-method,52,60,-,test
tests/test_supply_chain_gate.py,DeploymentSupplyChainGateTests.test_current_tree_passes_the_deployment_supply_chain_gate,function,top-level-or-method,62,63,-,test
tests/test_supply_chain_gate.py,DeploymentSupplyChainGateTests.test_oracle_installer_runs_gate_before_activation,function,top-level-or-method,65,69,-,test
tests/test_universe_selection_hardening.py,valid_filters,function,top-level-or-method,23,31,-,test
tests/test_universe_selection_hardening.py,exchange_entry,function,top-level-or-method,34,45,-,test
tests/test_universe_selection_hardening.py,FakeApi.__init__,function,top-level-or-method,49,54,-,test
tests/test_universe_selection_hardening.py,FakeApi.get,function,top-level-or-method,56,57,-,test
tests/test_universe_selection_hardening.py,FakeSharia.__init__,function,top-level-or-method,61,62,-,test
tests/test_universe_selection_hardening.py,FakeSharia.sync_legacy_compat,function,top-level-or-method,65,66,staticmethod,test
tests/test_universe_selection_hardening.py,FakeSharia.decision,function,top-level-or-method,69,71,staticmethod,test
tests/test_universe_selection_hardening.py,FakeAge.age_days,function,top-level-or-method,76,77,staticmethod,test
tests/test_universe_selection_hardening.py,FakeExternal.refresh_if_stale,function,top-level-or-method,82,83,staticmethod,test
tests/test_universe_selection_hardening.py,FakeExternal.reject_reason,function,top-level-or-method,86,87,staticmethod,test
tests/test_universe_selection_hardening.py,FakeExternal.enrich,function,top-level-or-method,90,91,staticmethod,test
tests/test_universe_selection_hardening.py,FakeExternal.config_summary,function,top-level-or-method,94,95,staticmethod,test
tests/test_universe_selection_hardening.py,FakeExternal.write_status,function,top-level-or-method,98,99,staticmethod,test
tests/test_universe_selection_hardening.py,UniverseSelectionHardeningTests.setUp,function,top-level-or-method,103,107,-,test
tests/test_universe_selection_hardening.py,UniverseSelectionHardeningTests._case_root,function,top-level-or-method,109,111,-,test
tests/test_universe_selection_hardening.py,UniverseSelectionHardeningTests._default_market_rows,function,top-level-or-method,114,124,staticmethod,test
tests/test_universe_selection_hardening.py,UniverseSelectionHardeningTests._scan,function,top-level-or-method,126,150,-,test
tests/test_universe_selection_hardening.py,UniverseSelectionHardeningTests._rejections,function,top-level-or-method,152,154,-,test
tests/test_universe_selection_hardening.py,UniverseSelectionHardeningTests.test_reversed_exact_ties_have_the_same_ascending_identity_order,function,top-level-or-method,156,169,-,test
tests/test_universe_selection_hardening.py,UniverseSelectionHardeningTests.test_duplicate_symbol_and_base_are_rejected_and_audited_once,function,top-level-or-method,171,187,-,test
tests/test_universe_selection_hardening.py,UniverseSelectionHardeningTests.test_non_usdt_listing_does_not_collide_with_valid_usdt_candidate,function,top-level-or-method,189,198,-,test
tests/test_universe_selection_hardening.py,UniverseSelectionHardeningTests.test_zero_and_structurally_invalid_required_filters_are_rejected,function,top-level-or-method,200,224,-,test
tests/test_universe_selection_hardening.py,UniverseSelectionHardeningTests.test_nan_and_infinity_reject_only_the_affected_candidates,function,top-level-or-method,226,240,-,test
tests/test_universe_selection_hardening.py,UniverseSelectionHardeningTests.test_malformed_public_response_collections_fail_before_publication,function,top-level-or-method,242,262,-,test
tests/test_universe_selection_hardening.py,UniverseSelectionHardeningTests.test_exotic_base_symbol_is_skipped_not_fatal,function,top-level-or-method,264,286,-,test
tests/test_universe_selection_hardening.py,UniverseSelectionHardeningTests.test_exact_symbol_base_usdt_identity_is_required,function,top-level-or-method,288,298,-,test
tests/test_universe_selection_hardening.py,UniverseSelectionHardeningTests.test_zero_is_fail_closed_and_shortfall_is_explicit_without_padding,function,top-level-or-method,300,322,-,test
tests/test_universe_selection_hardening.py,UniverseSelectionHardeningTests.test_snapshot_store_rejects_duplicate_or_mismatched_public_rows,function,top-level-or-method,324,333,-,test
tests/test_universe_selection_hardening.py,UniverseSelectionHardeningTests.test_nonfinite_runtime_decimals_raise_clean_configuration_errors,function,top-level-or-method,335,341,-,test
tests/test_v101_consolidation.py,FingerprintPortabilityTests.test_no_ast_dump_serialization_in_integrity_paths,function,top-level-or-method,40,51,-,test
tests/test_v101_consolidation.py,FingerprintPortabilityTests.test_source_segment_is_exact_text,function,top-level-or-method,53,58,-,test
tests/test_v101_consolidation.py,FingerprintPortabilityTests.test_decorators_are_part_of_the_fingerprint,function,top-level-or-method,60,62,-,test
tests/test_v101_consolidation.py,FingerprintPortabilityTests.test_token_hash_ignores_comments_but_not_logic,function,top-level-or-method,64,88,-,test
tests/test_v101_consolidation.py,FingerprintPortabilityTests.test_fingerprinted_methods_contain_no_fstrings,function,top-level-or-method,90,98,-,test
tests/test_v101_consolidation.py,FingerprintPortabilityTests.test_manifest_expected_fingerprints_match_strategy_file,function,top-level-or-method,100,105,-,test
tests/test_v101_consolidation.py,DependencyPolicyTests.test_every_matrix_interpreter_resolves_exactly_one_rpds_py,function,top-level-or-method,111,168,-,test
tests/test_v101_consolidation.py,DependencyPolicyTests.test_requests_pin_is_at_or_above_first_fixed_version,function,top-level-or-method,170,176,-,test
tests/test_v101_consolidation.py,DependencyPolicyTests.test_installed_requests_matches_pin_when_available,function,top-level-or-method,178,185,-,test
tests/test_v101_consolidation.py,DependencyPolicyTests.test_aiohttp_lock_is_at_or_above_current_security_fix,function,top-level-or-method,187,195,-,test
tests/test_v101_consolidation.py,DependencyPolicyTests.test_installed_aiohttp_matches_lock_when_available,function,top-level-or-method,197,204,-,test
tests/test_v101_consolidation.py,DependencyPolicyTests.test_cryptography_lock_is_at_or_above_current_security_fix,function,top-level-or-method,206,214,-,test
tests/test_v101_consolidation.py,DependencyPolicyTests.test_installed_cryptography_matches_lock_when_available,function,top-level-or-method,216,224,-,test
tests/test_v101_consolidation.py,DependencyPolicyTests.test_hash_locked_runtime_installs_are_separate_from_ci_tooling,function,top-level-or-method,226,237,-,test
tests/test_v101_consolidation.py,DependencyPolicyTests.test_ci_runs_dependency_audit_and_a_python_version_matrix,function,top-level-or-method,239,243,-,test
tests/test_v101_consolidation.py,VerdictInvariantTests.test_freqtrade_confirm_trade_entry_stays_signal_only,function,top-level-or-method,249,257,-,test
tests/test_v101_consolidation.py,VerdictInvariantTests.test_signal_submit_happens_only_after_durable_claim,function,top-level-or-method,259,264,-,test
tests/test_v101_consolidation.py,VerdictInvariantTests.test_no_component_other_than_sidecar_gets_trade_secret,function,top-level-or-method,266,274,-,test
tests/test_v101_consolidation.py,VerdictInvariantTests.test_bnb_and_btc_bases_are_rejected_before_execution,function,top-level-or-method,276,278,-,test
tests/test_v101_consolidation.py,VerdictInvariantTests.test_release_identity_comes_from_release_version_metadata,function,top-level-or-method,280,293,-,test
tests/test_v101_v19_hardening.py,_green_report,function,top-level-or-method,44,91,-,test
tests/test_v101_v19_hardening.py,EnvelopeAuthTests.test_valid_envelope_round_trips,function,top-level-or-method,96,100,-,test
tests/test_v101_v19_hardening.py,EnvelopeAuthTests.test_tampered_payload_is_rejected,function,top-level-or-method,102,107,-,test
tests/test_v101_v19_hardening.py,EnvelopeAuthTests.test_wrong_producer_is_rejected,function,top-level-or-method,109,113,-,test
tests/test_v101_v19_hardening.py,EnvelopeAuthTests.test_wrong_purpose_is_rejected,function,top-level-or-method,115,120,-,test
tests/test_v101_v19_hardening.py,EnvelopeAuthTests.test_expired_envelope_is_rejected,function,top-level-or-method,122,127,-,test
tests/test_v101_v19_hardening.py,EnvelopeAuthTests.test_cross_release_replay_is_rejected,function,top-level-or-method,129,134,-,test
tests/test_v101_v19_hardening.py,EnvelopeAuthTests.test_missing_key_fails_closed,function,top-level-or-method,136,139,-,test
tests/test_v101_v19_hardening.py,EnvelopeAuthTests.test_short_key_fails_closed,function,top-level-or-method,141,144,-,test
tests/test_v101_v19_hardening.py,ForgedBusFileTests.test_unsigned_command_file_is_rejected_by_sidecar,function,top-level-or-method,148,164,-,test
tests/test_v101_v19_hardening.py,ForgedBusFileTests.test_sibling_container_cannot_forge_a_command_with_the_signal_key,function,top-level-or-method,166,183,-,test
tests/test_v101_v19_hardening.py,ControllerIntegrityTests.test_controller_present_and_byte_exact,function,top-level-or-method,190,192,-,test
tests/test_v101_v19_hardening.py,ControllerIntegrityTests.test_load_controller_accepts_the_immutable_file,function,top-level-or-method,194,196,-,test
tests/test_v101_v19_hardening.py,ControllerIntegrityTests.test_tampered_controller_is_rejected,function,top-level-or-method,198,203,-,test
tests/test_v101_v19_hardening.py,ResultValidationTests.test_valid_green_passes,function,top-level-or-method,208,209,-,test
tests/test_v101_v19_hardening.py,ResultValidationTests.test_ticker_collision_is_rejected,function,top-level-or-method,211,213,-,test
tests/test_v101_v19_hardening.py,ResultValidationTests.test_haram_without_full_proof_is_rejected,function,top-level-or-method,215,218,-,test
tests/test_v101_v19_hardening.py,ResultValidationTests.test_haram_with_short_quote_is_rejected,function,top-level-or-method,220,226,-,test
tests/test_v101_v19_hardening.py,ResultValidationTests.test_green_without_opened_source_is_rejected,function,top-level-or-method,228,231,-,test
tests/test_v101_v19_hardening.py,ResultValidationTests.test_green_with_insufficient_proof_checks_is_rejected,function,top-level-or-method,233,236,-,test
tests/test_v101_v19_hardening.py,ResultValidationTests.test_direct_result_inconsistent_with_code_is_rejected,function,top-level-or-method,238,241,-,test
tests/test_v101_v19_hardening.py,ResultValidationTests.test_fail_closed_report_is_valid_no_trade,function,top-level-or-method,243,247,-,test
tests/test_v101_v19_hardening.py,_FakePublic.__init__,function,top-level-or-method,260,264,-,test
tests/test_v101_v19_hardening.py,_FakePublic.exchange_info,function,top-level-or-method,266,267,-,test
tests/test_v101_v19_hardening.py,_FakePublic.ticker_price,function,top-level-or-method,269,270,-,test
tests/test_v101_v19_hardening.py,_FakePublic.get,function,top-level-or-method,272,273,-,test
tests/test_v101_v19_hardening.py,_FakePublic.reference_price,function,top-level-or-method,275,280,-,test
tests/test_v101_v19_hardening.py,_symbol_entry,function,top-level-or-method,283,285,-,test
tests/test_v101_v19_hardening.py,FilterPrevalidationTests._validator,function,top-level-or-method,289,291,-,test
tests/test_v101_v19_hardening.py,FilterPrevalidationTests.test_percent_price_band_violation_rejected,function,top-level-or-method,293,305,-,test
tests/test_v101_v19_hardening.py,FilterPrevalidationTests.test_max_notional_violation_rejected,function,top-level-or-method,307,318,-,test
tests/test_v101_v19_hardening.py,FilterPrevalidationTests.test_unavailable_filter_data_refuses_before_cancel,function,top-level-or-method,320,329,-,test
tests/test_v101_v19_hardening.py,FilterPrevalidationTests.test_unavailable_filter_data_refuses_before_cancel.Broken.exchange_info,function,nested,324,325,-,test
tests/test_v101_v19_hardening.py,FilterPrevalidationTests.test_clean_replacement_passes,function,top-level-or-method,331,342,-,test
tests/test_v101_v19_hardening.py,ReferencePriceFilterTests._validator,function,top-level-or-method,357,361,-,test
tests/test_v101_v19_hardening.py,ReferencePriceFilterTests._sell,function,top-level-or-method,363,365,-,test
tests/test_v101_v19_hardening.py,ReferencePriceFilterTests.test_reference_price_divergence_now_rejects,function,top-level-or-method,367,373,-,test
tests/test_v101_v19_hardening.py,ReferencePriceFilterTests.test_the_old_behavior_would_have_wrongly_accepted,function,top-level-or-method,375,380,-,test
tests/test_v101_v19_hardening.py,ReferencePriceFilterTests.test_reference_price_within_band_accepts,function,top-level-or-method,382,385,-,test
tests/test_v101_v19_hardening.py,ReferencePriceFilterTests.test_null_reference_falls_back_to_previous_behavior,function,top-level-or-method,387,391,-,test
tests/test_v101_v19_hardening.py,ReferencePriceFilterTests.test_minus_2043_falls_back,function,top-level-or-method,393,397,-,test
tests/test_v101_v19_hardening.py,ReferencePriceFilterTests.test_malformed_reference_fails_closed,function,top-level-or-method,399,403,-,test
tests/test_v101_v19_hardening.py,ReferencePriceFilterTests.test_reference_fetch_error_fails_closed,function,top-level-or-method,405,410,-,test
tests/test_v101_v19_hardening.py,ReferencePriceFilterTests.test_client_maps_minus_2043_and_null_to_no_reference,function,top-level-or-method,412,432,-,test
tests/test_v101_v19_hardening.py,ReferencePriceFilterTests.test_client_maps_minus_2043_and_null_to_no_reference._Resp.json,function,nested,424,425,-,test
tests/test_v101_v19_hardening.py,ReferencePriceFilterTests.test_client_maps_minus_2043_and_null_to_no_reference._raise,function,nested,427,430,-,test
tests/test_v101_v19_hardening.py,SimulationLifecycleTests._adapter,function,top-level-or-method,437,446,-,test
tests/test_v101_v19_hardening.py,SimulationLifecycleTests.test_normal_fill_is_protected,function,top-level-or-method,448,456,-,test
tests/test_v101_v19_hardening.py,SimulationLifecycleTests.test_reject_fault_is_not_accepted,function,top-level-or-method,458,465,-,test
tests/test_v101_v19_hardening.py,SimulationLifecycleTests.test_timeout_fault_is_uncertain,function,top-level-or-method,467,474,-,test
tests/test_v101_v19_hardening.py,SimulationLifecycleTests.test_partial_fill_fault_protects_partial,function,top-level-or-method,476,483,-,test
tests/test_v101_v19_hardening.py,SimulationLifecycleTests.test_emergency_exit_returns_structured_verified_result,function,top-level-or-method,485,492,-,test
tests/test_v101_v19_hardening.py,SimulationLifecycleTests.test_emergency_exit_missing_position_is_not_success,function,top-level-or-method,494,498,-,test
tests/test_v101_v19_hardening.py,ReconciliationTests.test_all_endpoints_ok_reports_success,function,top-level-or-method,503,506,-,test
tests/test_v101_v19_hardening.py,ReconciliationTests.test_failed_enumeration_reports_failure_not_success,function,top-level-or-method,508,512,-,test
tests/test_v101_v19_hardening.py,_reconcile_adapter,function,top-level-or-method,515,541,-,test
tests/test_v101_v19_hardening.py,_reconcile_adapter.Client.get_open_orders,function,nested,519,522,-,test
tests/test_v101_v19_hardening.py,_reconcile_adapter.Client._get,function,nested,524,527,-,test
tests/test_v101_v19_hardening.py,_reconcile_adapter.Client.get_account,function,nested,529,532,-,test
tests/test_v101_v19_hardening.py,ConfigBoundsTests.test_negative_cooldown_is_rejected,function,top-level-or-method,546,549,-,test
tests/test_v101_v19_hardening.py,ConfigBoundsTests.test_nonfinite_is_rejected,function,top-level-or-method,551,554,-,test
tests/test_v101_v19_hardening.py,ConfigBoundsTests.test_valid_within_bounds,function,top-level-or-method,556,558,-,test
tests/test_v101_v19_hardening.py,ConfigBoundsTests.test_guard_rejects_unsafe_environment_at_construction,function,top-level-or-method,560,565,-,test
tests/test_v101_v19_hardening.py,FeeShaveTests.test_zero_shaved_quantity_rejects_entry,function,top-level-or-method,570,605,-,test
tests/test_v101_v19_hardening.py,FeeShaveTests.test_zero_shaved_quantity_rejects_entry.L.round_down,function,nested,580,583,staticmethod,test
tests/test_v101_v19_hardening.py,FeeShaveTests.test_zero_shaved_quantity_rejects_entry.L.dstr,function,nested,586,587,staticmethod,test
tests/test_v101_v19_hardening.py,FeeShaveTests.test_zero_shaved_quantity_rejects_entry.L.bips_mult,function,nested,590,591,staticmethod,test
tests/test_v101_v19_hardening.py,FeeShaveTests.test_zero_shaved_quantity_rejects_entry.L._new_coid,function,nested,596,598,classmethod,test
tests/test_v101_v19_hardening.py,ScreeningQueueTests._queue,function,top-level-or-method,610,612,-,test
tests/test_v101_v19_hardening.py,ScreeningQueueTests.test_duplicate_active_scan_is_suppressed,function,top-level-or-method,614,618,-,test
tests/test_v101_v19_hardening.py,ScreeningQueueTests.test_priority_ordering_signal_before_idle,function,top-level-or-method,620,626,-,test
tests/test_v101_v19_hardening.py,ScreeningQueueTests.test_running_requests_requeue_after_restart,function,top-level-or-method,628,635,-,test
tests/test_v101_v19_hardening.py,ScreenerBridgeTests._env,function,top-level-or-method,640,653,-,test
tests/test_v101_v19_hardening.py,ScreenerBridgeTests.test_validated_green_becomes_trade_eligible_and_signed,function,top-level-or-method,655,673,-,test
tests/test_v101_v19_hardening.py,ScreenerBridgeTests.test_unvalidated_green_is_downgraded_to_no_trade,function,top-level-or-method,675,689,-,test
tests/test_v101_v19_hardening.py,_reload_paths_default,function,top-level-or-method,692,697,-,test
tests/test_v101_v19_hardening.py,TelegramShariaControlTests.test_pair_input_normalization,function,top-level-or-method,702,709,-,test
tests/test_v101_v19_hardening.py,TelegramShariaControlTests.test_offset_persistence,function,top-level-or-method,711,717,-,test
tests/test_v101_v19_hardening.py,SqliteIntegrityTests.test_corrupted_db_fails_closed_on_init,function,top-level-or-method,722,728,-,test
tests/test_v101_v19_hardening.py,SqliteIntegrityTests.test_verified_backup_is_produced,function,top-level-or-method,730,736,-,test
tests/test_v101_v19_hardening.py,SignalTimeScreeningTests._manager,function,top-level-or-method,741,770,-,test
tests/test_v101_v19_hardening.py,SignalTimeScreeningTests.tearDown,function,top-level-or-method,772,774,-,test
tests/test_v101_v19_hardening.py,SignalTimeScreeningTests._signal,function,top-level-or-method,776,783,-,test
tests/test_v101_v19_hardening.py,SignalTimeScreeningTests._write_result,function,top-level-or-method,785,798,-,test
tests/test_v101_v19_hardening.py,SignalTimeScreeningTests.test_cached_gate_processes_recent_signed_eligible_record,function,top-level-or-method,800,808,-,test
tests/test_v101_v19_hardening.py,SignalTimeScreeningTests.test_cached_gate_rejects_prohibited_record,function,top-level-or-method,810,820,-,test
tests/test_v101_v19_hardening.py,OrderManagerAwaiting,function,top-level-or-method,823,825,-,test
tests/test_v101_v19_hardening.py,ModernUserDataStreamTests._stream,function,top-level-or-method,830,832,-,test
tests/test_v101_v19_hardening.py,ModernUserDataStreamTests.test_credentials_required,function,top-level-or-method,834,839,-,test
tests/test_v101_v19_hardening.py,ModernUserDataStreamTests.test_subscription_request_is_signed_and_uses_ws_api_method,function,top-level-or-method,841,848,-,test
tests/test_v101_v19_hardening.py,ModernUserDataStreamTests.test_endpoint_selection,function,top-level-or-method,850,853,-,test
tests/test_v101_v19_hardening.py,ModernUserDataStreamTests.test_event_dispatch_routes_by_type,function,top-level-or-method,855,869,-,test
tests/test_v101_v19_hardening.py,ModernUserDataStreamTests.test_core_adapter_swaps_legacy_transport_at_start,function,top-level-or-method,871,878,-,test
tests/test_v81.py,FakeLegacy.round_down,function,top-level-or-method,59,61,staticmethod,test
tests/test_v81.py,FakeLegacy.dstr,function,top-level-or-method,64,65,staticmethod,test
tests/test_v81.py,FakeLegacy.bips_mult,function,top-level-or-method,68,69,staticmethod,test
tests/test_v81.py,FakeLegacy._new_coid,function,top-level-or-method,72,74,classmethod,test
tests/test_v81.py,ReleaseIntegrityTests.test_legacy_core_is_byte_preserved,function,top-level-or-method,84,86,-,test
tests/test_v81.py,ReleaseIntegrityTests.test_docker_build_context_includes_every_copied_path,function,top-level-or-method,88,114,-,test
tests/test_v81.py,ReleaseIntegrityTests.test_signal_strategy_methods_are_unchanged,function,top-level-or-method,116,121,-,test
tests/test_v81.py,ReleaseIntegrityTests.test_freqtrade_is_signal_only,function,top-level-or-method,123,130,-,test
tests/test_v81.py,ReleaseIntegrityTests.test_freqtrade_config_uses_dynamic_top50_and_never_bnb,function,top-level-or-method,132,139,-,test
tests/test_v81.py,ReleaseIntegrityTests.test_break_even_and_profit_lock_use_fixed_oco,function,top-level-or-method,141,144,-,test
tests/test_v81.py,ReleaseIntegrityTests.test_compose_is_persistent_and_secrets_are_least_privilege,function,top-level-or-method,146,161,-,test
tests/test_v81.py,ProtectionRequestTests.setUp,function,top-level-or-method,165,167,-,test
tests/test_v81.py,ProtectionRequestTests.test_fixed_oco_entry,function,top-level-or-method,169,173,-,test
tests/test_v81.py,ProtectionRequestTests.test_trailing_only_entry,function,top-level-or-method,175,180,-,test
tests/test_v81.py,ProtectionRequestTests.test_oco_trailing_entry,function,top-level-or-method,182,186,-,test
tests/test_v81.py,ProtectionRequestTests.test_existing_fixed_oco_tp_is_above_current,function,top-level-or-method,188,195,-,test
tests/test_v81.py,ShariaTests.test_only_current_halal_passes,function,top-level-or-method,199,218,-,test
tests/test_v81.py,ShariaTests.test_legacy_schema_is_rejected_fail_closed,function,top-level-or-method,220,230,-,test
tests/test_v81.py,ShariaTests.test_release_dataset_schema,function,top-level-or-method,232,233,-,test
tests/test_v81.py,ShariaTests.test_malformed_or_duplicate_records_fail_closed,function,top-level-or-method,235,247,-,test
tests/test_v81.py,UniverseSnapshotTests.test_snapshot_hash_identifies_exact_ranked_universe,function,top-level-or-method,251,261,-,test
tests/test_v81.py,PersistenceAndRiskTests.test_state_store_deduplicates_events_and_signals,function,top-level-or-method,265,273,-,test
tests/test_v81.py,PersistenceAndRiskTests.test_exchange_events_advance_and_backfill_trade_record,function,top-level-or-method,275,317,-,test
tests/test_v81.py,PersistenceAndRiskTests.test_periodic_mirror_preserves_advanced_lifecycle_mode_and_quantity,function,top-level-or-method,319,341,-,test
tests/test_v81.py,PersistenceAndRiskTests.test_fresh_signal_and_stopout_rules,function,top-level-or-method,343,360,-,test
tests/test_v81.py,RetentionTests.test_audit_log_rotates_with_bounded_backups,function,top-level-or-method,364,373,-,test
tests/test_v81.py,RetentionTests.test_file_retention_keeps_newest_records,function,top-level-or-method,375,385,-,test
tests/test_v81.py,TelegramSafetyTests.test_callback_is_one_time,function,top-level-or-method,389,397,-,test
tests/test_v81.py,TelegramSafetyTests.test_callback_expiry,function,top-level-or-method,399,404,-,test
tests/test_v81.py,TelegramSafetyTests.test_owner_must_match_sender_and_private_chat,function,top-level-or-method,406,410,-,test
tests/test_v81.py,SimulationIntegrationTests.test_sidecar_processes_signal_without_network_or_order,function,top-level-or-method,414,521,-,test
tests/test_v81_safety_regressions.py,_Trader.__init__,function,top-level-or-method,43,44,-,test
tests/test_v81_safety_regressions.py,_Trader.is_running,function,top-level-or-method,46,47,-,test
tests/test_v81_safety_regressions.py,_CommandAdapter.__init__,function,top-level-or-method,51,55,-,test
tests/test_v81_safety_regressions.py,_CommandAdapter.set_enabled,function,top-level-or-method,57,59,-,test
tests/test_v81_safety_regressions.py,_CommandAdapter.emergency_exit,function,top-level-or-method,61,65,-,test
tests/test_v81_safety_regressions.py,_SignalAdapter.__init__,function,top-level-or-method,69,71,-,test
tests/test_v81_safety_regressions.py,_SignalAdapter.submit,function,top-level-or-method,73,77,-,test
tests/test_v81_safety_regressions.py,_SignalAdapter.mirror_positions,function,top-level-or-method,79,80,-,test
tests/test_v81_safety_regressions.py,DurableClaimTests._store_and_guard,function,top-level-or-method,84,89,-,test
tests/test_v81_safety_regressions.py,DurableClaimTests.test_dangerous_command_is_claimed_before_side_effect_and_not_replayed,function,top-level-or-method,91,112,-,test
tests/test_v81_safety_regressions.py,DurableClaimTests.test_string_false_cannot_enable_entries,function,top-level-or-method,115,130,-,test
tests/test_v81_safety_regressions.py,DurableClaimTests.test_core_disarm_is_attempted_even_when_state_persistence_fails,function,top-level-or-method,132,141,-,test
tests/test_v81_safety_regressions.py,DurableClaimTests.test_core_disarm_is_attempted_even_when_state_persistence_fails.BrokenState.set_entries,function,nested,135,136,-,test
tests/test_v81_safety_regressions.py,DurableClaimTests.test_entry_signal_is_claimed_before_submit_and_not_replayed,function,top-level-or-method,143,185,-,test
tests/test_v81_safety_regressions.py,EventAndInputSafetyTests.test_duplicate_exchange_event_does_not_double_count_stopout_sink,function,top-level-or-method,189,219,-,test
tests/test_v81_safety_regressions.py,EventAndInputSafetyTests.test_duplicate_exchange_event_does_not_double_count_stopout_sink.Trader.__init__,function,nested,191,193,-,test
tests/test_v81_safety_regressions.py,EventAndInputSafetyTests.test_duplicate_exchange_event_does_not_double_count_stopout_sink.Trader._uds_order,function,nested,195,196,-,test
tests/test_v81_safety_regressions.py,EventAndInputSafetyTests.test_duplicate_exchange_event_does_not_double_count_stopout_sink.Trader._uds_list,function,nested,198,199,-,test
tests/test_v81_safety_regressions.py,EventAndInputSafetyTests.test_duplicate_exchange_event_does_not_double_count_stopout_sink.Store.__init__,function,nested,202,203,-,test
tests/test_v81_safety_regressions.py,EventAndInputSafetyTests.test_duplicate_exchange_event_does_not_double_count_stopout_sink.Store.record_exchange_event,function,nested,205,207,-,test
tests/test_v81_safety_regressions.py,EventAndInputSafetyTests.test_future_generated_at_is_rejected,function,top-level-or-method,221,232,-,test
tests/test_v81_safety_regressions.py,EventAndInputSafetyTests.test_invalid_command_id_cannot_escape_runtime_directory,function,top-level-or-method,234,248,-,test
tests/test_v81_safety_regressions.py,EventAndInputSafetyTests.test_audit_write_failure_does_not_raise,function,top-level-or-method,250,259,-,test
tests/test_v81_safety_regressions.py,EventAndInputSafetyTests.test_runtime_dependency_matches_preserved_core,function,top-level-or-method,261,267,-,test
tests/test_v81_safety_regressions.py,DeploymentGateTests.test_oracle_setup_hard_fails_before_install_on_1gib_host,function,top-level-or-method,271,289,-,test
tests/test_v81_safety_regressions.py,TelegramFailClosedOrderingTests.test_pause_disarms_execution_sidecar_before_freqtrade,function,top-level-or-method,293,299,-,test
tests/test_v81_safety_regressions.py,TelegramFailClosedOrderingTests.test_nan_trade_size_is_rejected_before_confirmation,function,top-level-or-method,301,308,-,test
tests/test_v81_safety_regressions.py,TelegramFailClosedOrderingTests.test_nan_profit_lock_is_rejected_before_confirmation,function,top-level-or-method,310,317,-,test
tests/test_v81_safety_regressions.py,ProtectionConversionSafetyTests._fixture,function,top-level-or-method,326,445,staticmethod,test
tests/test_v81_safety_regressions.py,ProtectionConversionSafetyTests._fixture.Portfolio.__init__,function,nested,344,349,-,test
tests/test_v81_safety_regressions.py,ProtectionConversionSafetyTests._fixture.Portfolio.save,function,nested,351,354,-,test
tests/test_v81_safety_regressions.py,ProtectionConversionSafetyTests._fixture.Client._post,function,nested,357,361,-,test
tests/test_v81_safety_regressions.py,ProtectionConversionSafetyTests._fixture.Broker.__init__,function,nested,364,366,-,test
tests/test_v81_safety_regressions.py,ProtectionConversionSafetyTests._fixture.Broker.price,function,nested,368,369,-,test
tests/test_v81_safety_regressions.py,ProtectionConversionSafetyTests._fixture.Broker.free,function,nested,371,372,-,test
tests/test_v81_safety_regressions.py,ProtectionConversionSafetyTests._fixture.Broker._check_lot,function,nested,374,376,-,test
tests/test_v81_safety_regressions.py,ProtectionConversionSafetyTests._fixture.Broker.cancel_order_list,function,nested,378,380,-,test
tests/test_v81_safety_regressions.py,ProtectionConversionSafetyTests._fixture.Broker.cancel,function,nested,382,384,-,test
tests/test_v81_safety_regressions.py,ProtectionConversionSafetyTests._fixture.Broker.invalidate_balance_cache,function,nested,386,387,-,test
tests/test_v81_safety_regressions.py,ProtectionConversionSafetyTests._fixture.Broker._sync_weight,function,nested,389,390,-,test
tests/test_v81_safety_regressions.py,ProtectionConversionSafetyTests._fixture.Broker._find_list,function,nested,392,393,-,test
tests/test_v81_safety_regressions.py,ProtectionConversionSafetyTests._fixture.Broker._find_order,function,nested,395,396,-,test
tests/test_v81_safety_regressions.py,ProtectionConversionSafetyTests._fixture.Broker._place_idempotent,function,nested,398,399,-,test
tests/test_v81_safety_regressions.py,ProtectionConversionSafetyTests._fixture.Broker.parse_otoco_ids,function,nested,401,402,-,test
tests/test_v81_safety_regressions.py,ProtectionConversionSafetyTests._fixture.Factory.existing,function,nested,405,413,-,test
tests/test_v81_safety_regressions.py,ProtectionConversionSafetyTests._fixture.Exit.__init__,function,nested,416,417,-,test
tests/test_v81_safety_regressions.py,ProtectionConversionSafetyTests._fixture.Exit.reprotect_if_naked,function,nested,419,420,-,test
tests/test_v81_safety_regressions.py,ProtectionConversionSafetyTests._fixture.resync,function,nested,429,430,-,test
tests/test_v81_safety_regressions.py,ProtectionConversionSafetyTests._fixture.StubFilterValidator.validate_replacement,function,nested,436,437,-,test
tests/test_v81_safety_regressions.py,ProtectionConversionSafetyTests.test_replacement_filters_are_checked_before_active_order_is_cancelled,function,top-level-or-method,447,452,-,test
tests/test_v81_safety_regressions.py,ProtectionConversionSafetyTests.test_accepted_replacement_persistence_failure_does_not_blindly_reprotect,function,top-level-or-method,454,462,-,test
tests/test_v81_safety_regressions.py,BinanceListStatusSemanticsTests._store_with_trade,function,top-level-or-method,466,473,-,test
tests/test_v81_safety_regressions.py,BinanceListStatusSemanticsTests._row,function,top-level-or-method,476,480,staticmethod,test
tests/test_v81_safety_regressions.py,BinanceListStatusSemanticsTests.test_all_done_is_terminal_and_requires_reconciliation_not_active_protection,function,top-level-or-method,482,491,-,test
tests/test_v81_safety_regressions.py,BinanceListStatusSemanticsTests.test_failed_list_action_does_not_falsely_mark_entire_trade_error,function,top-level-or-method,493,502,-,test
tests/test_v81_safety_regressions.py,ArchivedDeploymentIsolationTests.test_legacy_pull_and_standalone_start_paths_are_fail_closed,function,top-level-or-method,506,514,-,test
tests/test_v81_safety_regressions.py,ArchivedDeploymentIsolationTests.test_archived_compose_is_offline_profile_and_has_no_secret_env_file,function,top-level-or-method,516,523,-,test
tests/test_v81_safety_regressions.py,CommandOutcomeTruthfulnessTests._run,function,top-level-or-method,528,538,staticmethod,test
tests/test_v81_safety_regressions.py,CommandOutcomeTruthfulnessTests.test_failed_emergency_exit_is_not_reported_as_success,function,top-level-or-method,540,547,-,test
tests/test_v81_safety_regressions.py,CommandOutcomeTruthfulnessTests.test_failed_emergency_exit_is_not_reported_as_success.Adapter.emergency_exit,function,nested,542,543,-,test
tests/test_v81_safety_regressions.py,CommandOutcomeTruthfulnessTests.test_failed_stream_restart_is_not_reported_as_success,function,top-level-or-method,549,556,-,test
tests/test_v81_safety_regressions.py,CommandOutcomeTruthfulnessTests.test_failed_stream_restart_is_not_reported_as_success.Adapter.restart_user_stream,function,nested,551,552,-,test
tests/test_v81_safety_regressions.py,SecretScannerRegressionTests.test_sensitive_assignment_is_detected_even_when_variable_name_contains_api_key,function,top-level-or-method,560,571,-,test
tests/test_v81_safety_regressions.py,SecretScannerRegressionTests.test_blank_and_explicit_placeholders_are_allowed,function,top-level-or-method,573,585,-,test
tests/test_v81_safety_regressions.py,DeterministicReleaseManifestTests.test_manifest_and_release_hash_are_stable_for_unchanged_tree,function,top-level-or-method,589,620,-,test
tests/test_v81_safety_regressions.py,AtomicDeploymentControlFileTests.test_installer_uses_atomic_fsynced_replacement_for_watched_json_files,function,top-level-or-method,624,630,-,test
tests/test_v81_safety_regressions.py,DeploymentMonitoringTransactionTests.test_monitoring_activation_and_rollback_share_one_transaction,function,top-level-or-method,634,664,-,test
tests/test_v81_safety_regressions.py,DeploymentMonitoringTransactionTests.test_monitoring_activation_and_rollback_share_one_transaction.assert_transactional,function,nested,638,658,-,test
tests/test_v81_safety_regressions.py,SizingCommandTruthfulnessTests._run,function,top-level-or-method,669,679,staticmethod,test
tests/test_v81_safety_regressions.py,SizingCommandTruthfulnessTests.test_out_of_range_max_positions_is_reported_as_failure,function,top-level-or-method,681,688,-,test
tests/test_v81_safety_regressions.py,SizingCommandTruthfulnessTests.test_out_of_range_max_positions_is_reported_as_failure.Adapter.set_max,function,nested,683,684,-,test
tests/test_v81_safety_regressions.py,SizingCommandTruthfulnessTests.test_size_change_is_not_reported_success_when_core_is_stopped,function,top-level-or-method,690,700,-,test
tests/test_v81_safety_regressions.py,SizingCommandTruthfulnessTests.test_size_change_is_not_reported_success_when_core_is_stopped.Adapter.__init__,function,nested,692,694,-,test
tests/test_v81_safety_regressions.py,SizingCommandTruthfulnessTests.test_size_change_is_not_reported_success_when_core_is_stopped.Adapter.set_size,function,nested,695,696,-,test
tests/test_v81_safety_regressions.py,ExecutionReportTerminalSemanticsTests._row,function,top-level-or-method,705,710,staticmethod,test
tests/test_v81_safety_regressions.py,ExecutionReportTerminalSemanticsTests.test_rejected_protective_sell_does_not_make_open_trade_terminal,function,top-level-or-method,712,723,-,test
tests/test_v81_safety_regressions.py,ExecutionReportTerminalSemanticsTests.test_canceled_partial_entry_remains_an_open_partial_position,function,top-level-or-method,725,736,-,test
tests/test_v81_safety_regressions.py,ExecutionReportTerminalSemanticsTests.test_rejected_zero_fill_entry_is_terminal_error,function,top-level-or-method,738,749,-,test
tests/test_v81_safety_regressions.py,_audit_process_worker,function,top-level-or-method,752,756,-,test
tests/test_v81_safety_regressions.py,CrossProcessAuditLockTests.test_concurrent_container_style_writers_leave_only_valid_json_lines,function,top-level-or-method,760,796,-,test
tests/test_v81_safety_regressions.py,UniversePublicationOrderingTests.test_historical_snapshot_exists_before_current_pointer_is_published,function,top-level-or-method,800,810,-,test
tests/test_v81_safety_regressions.py,UniverseFreshnessClockSkewTests.test_future_universe_snapshot_is_not_fresh,function,top-level-or-method,814,826,-,test
tests/test_v81_safety_regressions.py,UniverseFreshnessClockSkewTests.test_compose_healthcheck_rejects_large_future_skew,function,top-level-or-method,828,831,-,test
tests/test_v81_safety_regressions.py,UniverseRuntimeConfigurationTests.test_rate_limit_hostile_refresh_and_oversized_universe_are_rejected,function,top-level-or-method,835,839,-,test
tests/test_v81_safety_regressions.py,UniverseRuntimeConfigurationTests.test_nonfinite_timeout_is_rejected,function,top-level-or-method,841,845,-,test
tests/test_v81_safety_regressions.py,InstalledReleaseLiveGateTests.setUp,function,top-level-or-method,849,861,-,test
tests/test_v81_safety_regressions.py,InstalledReleaseLiveGateTests.tearDown,function,top-level-or-method,863,865,-,test
tests/test_v81_safety_regressions.py,InstalledReleaseLiveGateTests._state,function,top-level-or-method,867,868,-,test
tests/test_v81_safety_regressions.py,InstalledReleaseLiveGateTests.test_old_matching_env_and_marker_cannot_authorize_different_installed_release,function,top-level-or-method,870,885,-,test
tests/test_v81_safety_regressions.py,InstalledReleaseLiveGateTests.test_markers_alone_cannot_unlock_live_without_signed_evidence,function,top-level-or-method,887,904,-,test
tests/test_v81_safety_regressions.py,InstalledReleaseLiveGateTests.test_exact_environment_marker_and_signed_evidence_can_pass_sidecar_gate,function,top-level-or-method,906,924,-,test
tests/test_v81_safety_regressions.py,DockerReleaseHashAvailabilityTests.test_service_image_contains_installed_release_hash_file,function,top-level-or-method,928,933,-,test
tests/test_v81_safety_regressions.py,PackagedArtifactCIParityTests.test_ci_uses_deterministic_tar_and_retests_extracted_artifact,function,top-level-or-method,937,945,-,test
tests/test_v81_safety_regressions.py,MalformedExchangeNumericTests.test_malformed_fill_numeric_forces_reconciliation_status,function,top-level-or-method,949,964,-,test
tests/test_verdict_policy.py,ContradictoryQuoteTests.test_every_contradictory_quote_is_refused,function,top-level-or-method,125,130,-,test
tests/test_verdict_policy.py,ContradictoryQuoteTests.test_invisible_characters_cannot_hide_a_negation,function,top-level-or-method,132,139,-,test
tests/test_verdict_policy.py,ContradictoryQuoteTests.test_empty_or_missing_quote_is_refused,function,top-level-or-method,141,144,-,test
tests/test_verdict_policy.py,ContradictoryQuoteTests.test_unparseable_wording_escalates_rather_than_passing,function,top-level-or-method,146,151,-,test
tests/test_verdict_policy.py,ContradictoryQuoteTests.test_past_tense_free_subject_and_free_tail_bypasses_are_refused,function,top-level-or-method,153,158,-,test
tests/test_verdict_policy.py,ContradictoryQuoteTests.test_domain_ambiguous_compliance_words_are_refused,function,top-level-or-method,160,163,-,test
tests/test_verdict_policy.py,LegitimatePositiveTests.test_plain_affirmative_statements_are_accepted,function,top-level-or-method,167,184,-,test
tests/test_verdict_policy.py,LegitimatePositiveTests.test_the_guard_is_not_so_strict_that_nothing_passes,function,top-level-or-method,186,199,-,test
tests/test_verdict_policy.py,LegitimatePositiveTests.test_an_identifier_must_be_bound_to_the_actual_context,function,top-level-or-method,201,214,-,test
tests/test_verdict_policy.py,LegitimatePositiveTests.test_a_bound_identifier_cannot_move_into_a_negating_position,function,top-level-or-method,216,219,-,test
tests/test_verdict_policy.py,NonPositiveVerdictTests.test_guard_never_blocks_a_restrictive_verdict,function,top-level-or-method,223,229,-,test
tests/test_verdict_policy.py,CanonicalVocabularyTests.test_only_four_values_are_canonical,function,top-level-or-method,233,235,-,test
tests/test_verdict_policy.py,CanonicalVocabularyTests.test_synonyms_are_not_accepted,function,top-level-or-method,237,241,-,test
tests/test_verdict_policy.py,CanonicalVocabularyTests.test_canonical_values_survive_case_and_surrounding_space,function,top-level-or-method,243,246,-,test
tests/test_verdict_policy.py,CanonicalVocabularyTests.test_a_value_with_an_embedded_invisible_is_refused,function,top-level-or-method,248,255,-,test
tests/test_verdict_policy.py,CanonicalVocabularyTests.test_a_synonym_cannot_reach_the_positive_path,function,top-level-or-method,257,262,-,test
tests/test_verdict_policy.py,QuoteTruncationTests.test_a_trimmed_negation_is_judged_on_the_full_source_sentence,function,top-level-or-method,289,295,-,test
tests/test_verdict_policy.py,QuoteTruncationTests.test_a_genuinely_affirmative_page_still_passes,function,top-level-or-method,297,301,-,test
tests/test_verdict_policy.py,QuoteTruncationTests.test_a_fragment_absent_from_the_source_is_refused,function,top-level-or-method,303,306,-,test
tests/test_verdict_policy.py,QuoteTruncationTests.test_containing_sentence_returns_the_whole_sentence,function,top-level-or-method,308,313,-,test
tests/test_verdict_policy.py,QuoteTruncationTests.test_containing_sentence_is_invisible_character_safe,function,top-level-or-method,315,318,-,test
tests/test_verdict_policy.py,ConnectedPeerVerificationTests._response_connected_to,function,top-level-or-method,331,350,staticmethod,test
tests/test_verdict_policy.py,ConnectedPeerVerificationTests._response_connected_to._Sock.getpeername,function,nested,335,338,-,test
tests/test_verdict_policy.py,ConnectedPeerVerificationTests.test_a_private_peer_is_refused_after_a_public_resolution,function,top-level-or-method,352,360,-,test
tests/test_verdict_policy.py,ConnectedPeerVerificationTests.test_a_public_peer_is_accepted,function,top-level-or-method,362,365,-,test
tests/test_verdict_policy.py,ConnectedPeerVerificationTests.test_an_undeterminable_peer_fails_closed,function,top-level-or-method,367,373,-,test
tests/test_verdict_policy.py,ConnectedPeerVerificationTests.test_peer_verification_is_on_by_default,function,top-level-or-method,375,378,-,test
tests/test_verdict_policy.py,SentenceBoundaryAndOccurrenceTests.test_an_abbreviation_cannot_cut_the_negation_away,function,top-level-or-method,407,414,-,test
tests/test_verdict_policy.py,SentenceBoundaryAndOccurrenceTests.test_every_occurrence_must_be_affirmative,function,top-level-or-method,416,423,-,test
tests/test_verdict_policy.py,SentenceBoundaryAndOccurrenceTests.test_all_occurrences_are_returned_not_just_the_first,function,top-level-or-method,425,430,-,test
tests/test_verdict_policy.py,SentenceBoundaryAndOccurrenceTests.test_containing_sentence_refuses_an_ambiguous_fragment,function,top-level-or-method,432,436,-,test
tests/test_verdict_policy.py,SentenceBoundaryAndOccurrenceTests.test_a_single_affirmative_sentence_still_passes,function,top-level-or-method,438,441,-,test
tests/test_verdict_policy.py,RejectedResponseIsClosedTests.test_a_peer_rejected_response_is_closed_before_raising,function,top-level-or-method,447,482,-,test
tests/test_verdict_policy.py,RejectedResponseIsClosedTests.test_a_peer_rejected_response_is_closed_before_raising._Resp.close,function,nested,461,462,-,test
tests/test_verdict_policy.py,RejectedResponseIsClosedTests.test_a_peer_rejected_response_is_closed_before_raising._Resp.iter_content,function,nested,464,465,-,test
tests/test_verdict_policy.py,RejectedResponseIsClosedTests.test_a_peer_rejected_response_is_closed_before_raising._Session.get,function,nested,468,469,-,test
tests/test_workflow_graph.py,_load_workflow,function,top-level-or-method,31,32,-,test
tests/test_workflow_graph.py,DeployGateGraphTests.setUp,function,top-level-or-method,36,38,-,test
tests/test_workflow_graph.py,DeployGateGraphTests.test_mandatory_gate_jobs_exist,function,top-level-or-method,40,42,-,test
tests/test_workflow_graph.py,DeployGateGraphTests.test_deploy_requires_every_mandatory_gate,function,top-level-or-method,44,51,-,test
tests/test_workflow_graph.py,DeployGateGraphTests.test_container_gates_run_after_verify,function,top-level-or-method,53,57,-,test
tests/test_workflow_graph.py,DeployGateGraphTests.test_integration_installs_key_dependency_before_env_synthesis,function,top-level-or-method,59,73,-,test
tests/test_workflow_graph.py,DeployGateGraphTests.test_strategy_probe_job_fails_on_skip,function,top-level-or-method,75,79,-,test
tests/test_workflow_graph.py,DeployGateGraphTests.test_deployment_is_never_triggered_without_an_explicit_opt_in,function,top-level-or-method,81,84,-,test
tests/test_workflow_graph.py,DeployGateGraphTests.test_artifact_job_rebuilds_ledgers_after_git_commit_stamp,function,top-level-or-method,86,110,-,test
tests/test_workflow_graph.py,ReleaseGateTraversalTests.test_release_gate_prunes_generated_cache_directories,function,top-level-or-method,116,120,-,test
tests/test_workflow_graph.py,PackagedPermissionTests._files,function,top-level-or-method,127,130,-,test
tests/test_workflow_graph.py,PackagedPermissionTests.test_every_shell_script_is_executable,function,top-level-or-method,132,136,-,test
tests/test_workflow_graph.py,PackagedPermissionTests.test_no_packaged_file_is_group_or_world_writable,function,top-level-or-method,138,142,-,test
